id,first_name,last_name,email,gender,ip_address
1,Ddene,Simmonite,dsimmonite0@yale.edu,Female,63.214.33.239
2,Rosalynd,Sleford,rsleford1@paginegialle.it,Female,47.140.77.179
3,Domini,Ray,dray2@tripadvisor.com,Polygender,135.220.166.236
4,Tammie,Townsend,ttownsend3@rambler.ru,Female,185.253.184.14
5,Irene,Cowmeadow,icowmeadow4@smh.com.au,Female,163.204.80.212
6,Cornall,Biggerstaff,cbiggerstaff5@nhs.uk,Male,166.144.118.42
7,Basile,Speaks,bspeaks6@youtu.be,Male,199.59.132.38
8,Griffy,Dermott,gdermott7@google.fr,Male,38.118.53.173
9,Glynnis,Leonida,gleonida8@irs.gov,Female,215.196.147.143
10,Rurik,Ashwood,rashwood9@indiegogo.com,Male,55.213.124.15
11,Briant,Aberhart,baberharta@g.co,Male,207.1.251.180
12,Alix,Dingate,adingateb@nature.com,Female,44.235.133.99
13,Pen,Demonge,pdemongec@businesswire.com,Female,148.179.47.203
14,Sheff,Le feuvre,slefeuvred@blogger.com,Male,142.10.11.201
15,Ailee,Brownlee,abrownleee@ebay.co.uk,Female,233.182.224.185
16,Rivalee,Howel,rhowelf@scientificamerican.com,Female,66.75.143.45
17,Dore,Sutherden,dsutherdeng@posterous.com,Female,44.157.39.242
18,Zahara,Savil,zsavilh@washingtonpost.com,Female,140.126.34.39
19,Alice,Cometti,acomettii@plala.or.jp,Female,150.42.70.56
20,Juline,Hegerty,jhegertyj@amazon.co.jp,Female,247.129.114.172
21,Durand,Wybern,dwybernk@arstechnica.com,Male,94.187.144.248
22,Jennie,Quemby,jquembyl@phpbb.com,Female,100.172.103.137
23,Chicky,Terrett,cterrettm@nba.com,Female,4.70.139.41
24,Emmy,Tomsen,etomsenn@baidu.com,Male,134.236.133.54
25,Bevon,Seamer,bseamero@unblog.fr,Male,123.33.88.186
26,Aliza,Badsey,abadseyp@cnbc.com,Female,178.90.226.176
27,Vinnie,Halliberton,vhallibertonq@springer.com,Male,32.136.187.230
28,Kalindi,Choppin,kchoppinr@businessinsider.com,Female,165.170.196.105
29,Robby,Giacomoni,rgiacomonis@whitehouse.gov,Female,44.3.202.117
30,Vinson,Milroy,vmilroyt@hugedomains.com,Male,107.158.16.196
31,Randi,Ventris,rventrisu@dot.gov,Male,75.234.139.33
32,Konstantin,Roobottom,kroobottomv@squarespace.com,Genderfluid,16.24.41.164
33,Maximilian,Ramalho,mramalhow@pinterest.com,Male,11.117.27.126
34,Reidar,Gockelen,rgockelenx@cdbaby.com,Male,95.106.86.31
35,Dalis,Kopfer,dkopfery@cnbc.com,Male,232.32.51.190
36,Marleah,Nind,mnindz@people.com.cn,Female,167.154.164.127
37,Norby,Gouldie,ngouldie10@unicef.org,Male,144.126.46.53
38,Oliy,Kordova,okordova11@phoca.cz,Female,0.119.147.142
39,Jase,Charle,jcharle12@senate.gov,Male,113.22.168.44
40,Danni,Harsent,dharsent13@bing.com,Female,44.133.109.192
41,Ax,Snoddin,asnoddin14@sohu.com,Male,28.122.59.185
42,Misha,Mildner,mmildner15@weibo.com,Female,142.114.186.89
43,Javier,Clague,jclague16@hostgator.com,Male,245.110.213.144
44,Maureen,Verick,mverick17@mtv.com,Female,194.151.115.243
45,Mara,Niblock,mniblock18@youtu.be,Agender,102.119.231.220
46,Audra,Gartland,agartland19@github.com,Female,143.191.187.218
47,Yank,Wilbor,ywilbor1a@google.cn,Male,68.24.196.153
48,Timmy,Stonhouse,tstonhouse1b@craigslist.org,Female,238.192.254.243
49,Ravi,Okeshott,rokeshott1c@unicef.org,Male,171.241.202.91
50,Gabriele,Burchess,gburchess1d@washingtonpost.com,Male,61.98.177.66
51,Phyllys,Kirkebye,pkirkebye1e@sohu.com,Agender,184.4.172.184
52,Lusa,Gammel,lgammel1f@yellowbook.com,Female,24.172.231.190
53,Neils,Faulder,nfaulder1g@clickbank.net,Male,55.40.0.84
54,Oby,Capun,ocapun1h@sohu.com,Male,197.130.72.50
55,Moritz,Sacaze,msacaze1i@example.com,Male,101.169.2.119
56,Jeane,Ayars,jayars1j@google.co.jp,Female,15.150.132.45
57,Edna,Nicholas,enicholas1k@pcworld.com,Female,230.124.158.84
58,Harmonie,Crockford,hcrockford1l@feedburner.com,Female,94.254.173.181
59,June,Francescoccio,jfrancescoccio1m@list-manage.com,Female,45.7.91.103
60,Malachi,Raith,mraith1n@blogspot.com,Male,84.198.167.10
61,Lea,Srawley,lsrawley1o@eventbrite.com,Female,217.58.215.107
62,Cheri,Leatherborrow,cleatherborrow1p@de.vu,Female,40.146.9.50
63,Ralf,Worwood,rworwood1q@canalblog.com,Male,128.173.19.227
64,Cody,Sellner,csellner1r@google.com,Male,48.241.205.175
65,Valerye,Fullun,vfullun1s@dmoz.org,Female,64.226.36.116
66,Josi,Udey,judey1t@twitter.com,Female,247.81.210.10
67,Ruben,Sharper,rsharper1u@exblog.jp,Male,155.209.129.63
68,Birk,Mort,bmort1v@toplist.cz,Male,198.160.5.41
69,Waylan,Tiebe,wtiebe1w@i2i.jp,Male,182.209.238.102
70,Palmer,Botger,pbotger1x@yellowpages.com,Male,233.118.127.162
71,Marja,Littlemore,mlittlemore1y@naver.com,Female,192.185.183.160
72,Conny,Sreenan,csreenan1z@adobe.com,Male,58.109.37.180
73,Lindsey,Hacun,lhacun20@tinypic.com,Female,220.6.201.84
74,Clarita,Doerr,cdoerr21@soup.io,Polygender,129.82.113.215
75,Gibby,MacWhan,gmacwhan22@rambler.ru,Male,15.3.116.182
76,Dallis,Grundy,dgrundy23@omniture.com,Male,240.179.152.212
77,Gannie,Krabbe,gkrabbe24@technorati.com,Male,234.203.211.32
78,Natalie,Kerkham,nkerkham25@buzzfeed.com,Female,239.187.175.98
79,Alicea,Brunker,abrunker26@slate.com,Female,189.86.67.150
80,Robbert,Nern,rnern27@accuweather.com,Male,62.139.194.194
81,Aloisia,Praill,apraill28@plala.or.jp,Female,51.226.226.200
82,Burtie,Bakes,bbakes29@uol.com.br,Male,43.57.117.49
83,Mina,Shovelin,mshovelin2a@bluehost.com,Female,245.39.246.34
84,Steward,Hunnable,shunnable2b@reverbnation.com,Male,115.197.83.192
85,Mikel,Wippermann,mwippermann2c@businessinsider.com,Male,24.103.34.48
86,Mindy,Murphy,mmurphy2d@home.pl,Female,25.219.103.160
87,Roxi,McCuaig,rmccuaig2e@freewebs.com,Female,32.100.176.93
88,Lisle,Goodlife,lgoodlife2f@aboutads.info,Male,164.48.176.100
89,Wanda,Hubbucke,whubbucke2g@latimes.com,Female,74.11.199.244
90,Frederico,Goch,fgoch2h@acquirethisname.com,Male,190.135.19.74
91,Dulciana,Arpino,darpino2i@scientificamerican.com,Female,148.223.233.236
92,Nikki,Corneille,ncorneille2j@cafepress.com,Female,114.241.190.96
93,Temp,Roches,troches2k@wikimedia.org,Male,233.220.205.238
94,Sonny,Bryenton,sbryenton2l@exblog.jp,Non-binary,16.239.42.43
95,Dora,Beranek,dberanek2m@yahoo.com,Female,239.12.204.168
96,Siffre,Beedell,sbeedell2n@bloglovin.com,Male,75.46.224.103
97,Catarina,Doornbos,cdoornbos2o@tripadvisor.com,Female,164.201.53.215
98,Anders,Gieraths,agieraths2p@slashdot.org,Male,94.44.201.242
99,Muhammad,Rudyard,mrudyard2q@forbes.com,Male,38.87.38.32
100,Nettie,Dawidman,ndawidman2r@home.pl,Female,132.100.65.183
101,Dennie,Heenan,dheenan2s@tmall.com,Female,100.223.89.184
102,Banky,Mee,bmee2t@shop-pro.jp,Male,172.27.235.253
103,Brew,Cordner,bcordner2u@jimdo.com,Polygender,14.227.212.29
104,Kiersten,Evequot,kevequot2v@fastcompany.com,Female,37.107.189.236
105,Thatch,Barthod,tbarthod2w@miibeian.gov.cn,Male,132.225.150.84
106,Ezri,Ismead,eismead2x@cbslocal.com,Male,88.202.237.21
107,Keeley,Prinett,kprinett2y@sakura.ne.jp,Female,28.237.105.128
108,Rufus,McMillam,rmcmillam2z@nymag.com,Agender,190.213.135.79
109,Gustavo,Kettlestring,gkettlestring30@washingtonpost.com,Male,106.150.67.46
110,Cherey,Coo,ccoo31@earthlink.net,Female,121.53.48.84
111,Gabriele,Skelhorne,gskelhorne32@shutterfly.com,Male,162.33.26.239
112,Claudell,Horsley,chorsley33@qq.com,Male,152.235.151.13
113,Fayre,Sepey,fsepey34@wp.com,Female,69.166.252.232
114,Hyacinthie,Jako,hjako35@macromedia.com,Female,250.225.205.194
115,Almeda,Tilston,atilston36@nytimes.com,Female,141.76.49.242
116,Randy,Kuller,rkuller37@rakuten.co.jp,Female,225.188.27.120
117,Giuseppe,Crecy,gcrecy38@addthis.com,Male,142.247.138.90
118,Deidre,Leverentz,dleverentz39@lycos.com,Female,213.146.23.21
119,Eustacia,Jiranek,ejiranek3a@dailymotion.com,Female,14.80.74.9
120,Neddy,Large,nlarge3b@rakuten.co.jp,Male,52.248.152.42
121,Clarette,Streetfield,cstreetfield3c@cnn.com,Female,187.140.192.149
122,Ainsley,Keizman,akeizman3d@facebook.com,Female,58.123.8.39
123,Gwennie,MacKissack,gmackissack3e@yahoo.co.jp,Female,50.97.210.228
124,Evey,Queripel,equeripel3f@plala.or.jp,Female,163.21.249.110
125,Carrie,Ellsworthe,cellsworthe3g@addtoany.com,Female,123.238.162.254
126,Willi,Abels,wabels3h@cocolog-nifty.com,Female,131.61.200.241
127,Logan,Follows,lfollows3i@dot.gov,Male,215.206.225.207
128,Corrine,Pimblett,cpimblett3j@yelp.com,Female,41.240.82.100
129,Bucky,Medford,bmedford3k@usnews.com,Male,236.55.50.215
130,Mendy,MacKeever,mmackeever3l@census.gov,Male,56.70.23.145
131,Fidel,Geill,fgeill3m@columbia.edu,Male,79.102.56.134
132,Richart,Sinfield,rsinfield3n@paginegialle.it,Male,208.254.29.137
133,Mendy,McMackin,mmcmackin3o@ask.com,Male,141.162.224.138
134,Claudette,Lineen,clineen3p@google.com.au,Bigender,81.198.66.141
135,Kathe,Bromehed,kbromehed3q@europa.eu,Female,57.173.231.65
136,Kendell,MacTerlagh,kmacterlagh3r@fema.gov,Male,11.132.22.212
137,Hurlee,Morforth,hmorforth3s@businesswire.com,Male,197.115.53.161
138,Dillon,Hatherleigh,dhatherleigh3t@typepad.com,Male,254.84.68.78
139,Reg,Blacker,rblacker3u@lulu.com,Genderqueer,165.85.46.254
140,Catlee,Biddwell,cbiddwell3v@mail.ru,Female,16.202.18.55
141,Odilia,Lanfare,olanfare3w@etsy.com,Female,196.109.196.238
142,Menard,Whitear,mwhitear3x@live.com,Male,201.50.142.107
143,Wayland,Mattessen,wmattessen3y@google.com.au,Male,112.40.216.119
144,Siegfried,Ivkovic,sivkovic3z@infoseek.co.jp,Male,128.169.2.82
145,Cirstoforo,Bassano,cbassano40@mysql.com,Male,99.87.213.129
146,Augustina,Havis,ahavis41@china.com.cn,Female,164.172.134.1
147,Derek,Persence,dpersence42@mapquest.com,Polygender,116.242.11.88
148,Annecorinne,Nibley,anibley43@gnu.org,Female,7.89.123.171
149,Rayna,Berthouloume,rberthouloume44@joomla.org,Female,103.138.196.31
150,Saundra,Loines,sloines45@dropbox.com,Female,175.53.72.237
151,Granville,Luxen,gluxen46@biblegateway.com,Non-binary,60.7.75.112
152,Stephanus,Powlesland,spowlesland47@pcworld.com,Polygender,251.49.28.12
153,Hurleigh,Chauvey,hchauvey48@apple.com,Male,46.38.76.215
154,Jasun,Donnelly,jdonnelly49@adobe.com,Male,150.153.253.194
155,Sallyanne,Daud,sdaud4a@weibo.com,Female,242.56.26.154
156,Clywd,Ounsworth,counsworth4b@ucoz.ru,Male,189.106.35.146
157,Katinka,Hebditch,khebditch4c@ebay.co.uk,Female,27.229.207.153
158,Nollie,Biglin,nbiglin4d@ft.com,Female,211.167.83.114
159,Gram,Cudd,gcudd4e@theglobeandmail.com,Male,62.249.96.191
160,Angeline,Scothern,ascothern4f@mlb.com,Female,154.251.198.49
161,Rogers,Lockner,rlockner4g@virginia.edu,Male,160.34.138.41
162,Lacey,McCarron,lmccarron4h@macromedia.com,Female,140.232.56.255
163,Tully,Ambrogelli,tambrogelli4i@acquirethisname.com,Male,148.160.196.131
164,Drusi,Swenson,dswenson4j@addthis.com,Female,65.38.32.188
165,Adelice,Alsop,aalsop4k@eventbrite.com,Female,68.173.113.245
166,Meggy,Carpenter,mcarpenter4l@intel.com,Female,182.219.173.102
167,Steward,Rainford,srainford4m@buzzfeed.com,Male,13.29.46.87
168,Jacenta,Roxbrough,jroxbrough4n@usgs.gov,Polygender,154.219.210.49
169,Meridith,Brayfield,mbrayfield4o@ocn.ne.jp,Female,115.221.23.54
170,Kilian,Lethley,klethley4p@opera.com,Male,246.29.61.48
171,Charmane,Springford,cspringford4q@bloomberg.com,Female,244.225.170.29
172,Avigdor,Castells,acastells4r@stanford.edu,Agender,202.254.80.57
173,Efren,Poltun,epoltun4s@slate.com,Male,106.24.161.81
174,Janine,Mitkcov,jmitkcov4t@sun.com,Female,5.91.159.20
175,Hale,Siene,hsiene4u@jiathis.com,Male,154.112.202.80
176,Patrizius,Reichardt,preichardt4v@geocities.com,Male,189.156.179.112
177,Chris,Bech,cbech4w@1688.com,Female,161.99.58.212
178,Emanuele,Cutts,ecutts4x@photobucket.com,Male,169.117.55.152
179,Cristine,Duckerin,cduckerin4y@oakley.com,Female,121.52.128.94
180,Sara,Shackesby,sshackesby4z@ucoz.ru,Female,228.200.106.117
181,Borden,Alsina,balsina50@plala.or.jp,Male,37.4.80.49
182,Georgy,Goddert.sf,ggoddertsf51@google.de,Non-binary,164.49.28.141
183,Lion,Mitten,lmitten52@bravesites.com,Male,221.8.126.62
184,Anestassia,Husher,ahusher53@vinaora.com,Female,46.120.219.242
185,Jason,Boocock,jboocock54@phpbb.com,Male,137.180.76.77
186,Robbyn,Kaveney,rkaveney55@amazon.de,Female,84.188.185.212
187,Coletta,Lindner,clindner56@techcrunch.com,Female,33.186.11.30
188,Trevor,Banstead,tbanstead57@yahoo.co.jp,Male,237.20.165.181
189,Wayland,Everley,weverley58@unc.edu,Male,245.108.169.57
190,Olav,Ashford,oashford59@hhs.gov,Male,253.3.43.221
191,Dorothea,Ruddiman,druddiman5a@pagesperso-orange.fr,Female,245.129.18.31
192,Jen,Outerbridge,jouterbridge5b@ebay.co.uk,Female,157.230.248.132
193,Mort,Beardsall,mbeardsall5c@cargocollective.com,Male,93.30.124.144
194,Mariele,Almak,malmak5d@stanford.edu,Female,164.11.88.75
195,Henryetta,Pinfold,hpinfold5e@virginia.edu,Female,151.61.240.45
196,Zachariah,Spoerl,zspoerl5f@harvard.edu,Male,149.30.43.172
197,Dode,Coxon,dcoxon5g@pagesperso-orange.fr,Female,167.199.207.58
198,Barrie,Craigie,bcraigie5h@foxnews.com,Male,92.144.188.112
199,Malinda,Janz,mjanz5i@alexa.com,Female,127.154.152.109
200,Quinton,Paschke,qpaschke5j@tinyurl.com,Male,75.193.96.205
201,Hi,Waggitt,hwaggitt5k@oaic.gov.au,Male,235.151.173.142
202,Herschel,Brisard,hbrisard5l@g.co,Male,63.162.61.111
203,Esther,Dorie,edorie5m@plala.or.jp,Genderqueer,248.233.162.74
204,Gabrielle,Cuskery,gcuskery5n@rambler.ru,Female,101.250.143.205
205,Lyn,Cona,lcona5o@addthis.com,Female,136.120.194.29
206,Vassily,Laise,vlaise5p@soup.io,Male,50.253.227.228
207,Madel,Ramet,mramet5q@state.gov,Female,212.19.112.193
208,Blondelle,Banke,bbanke5r@biglobe.ne.jp,Female,214.241.207.25
209,Madalyn,Ballchin,mballchin5s@jimdo.com,Female,156.71.224.144
210,Pablo,Comiam,pcomiam5t@123-reg.co.uk,Male,128.182.173.42
211,Ruttger,Cess,rcess5u@globo.com,Male,11.208.81.61
212,Lenora,Rhelton,lrhelton5v@unc.edu,Female,68.183.127.128
213,Mallorie,Garraway,mgarraway5w@flavors.me,Female,201.122.83.23
214,Kimberlyn,Graeber,kgraeber5x@hibu.com,Female,217.8.199.158
215,Gardener,Remmers,gremmers5y@de.vu,Male,11.62.163.119
216,Wallie,Marval,wmarval5z@trellian.com,Male,145.12.166.23
217,Hersch,Barehead,hbarehead60@si.edu,Male,11.50.189.29
218,Emlen,Cheeney,echeeney61@mayoclinic.com,Male,63.43.173.21
219,Olin,Cattermoul,ocattermoul62@sfgate.com,Male,91.130.84.132
220,Mandi,Lashbrook,mlashbrook63@qq.com,Female,196.234.180.191
221,Bar,Roofe,broofe64@nasa.gov,Male,41.176.54.188
222,Val,Cullin,vcullin65@goodreads.com,Female,44.107.7.19
223,Barby,Coaker,bcoaker66@dmoz.org,Female,141.45.55.173
224,Tab,Scoon,tscoon67@gravatar.com,Male,66.206.17.165
225,Agata,Arnely,aarnely68@walmart.com,Female,211.191.3.106
226,Vassily,Laval,vlaval69@xinhuanet.com,Male,10.208.213.48
227,Wolf,Bassom,wbassom6a@dedecms.com,Male,60.124.118.39
228,Bess,Caldeyroux,bcaldeyroux6b@symantec.com,Female,151.157.158.30
229,Danyelle,Ochterlony,dochterlony6c@cbsnews.com,Agender,7.102.170.17
230,Tedmund,Culpen,tculpen6d@alexa.com,Male,159.195.8.84
231,Rene,Scotney,rscotney6e@cam.ac.uk,Male,67.140.18.97
232,Carson,Merrydew,cmerrydew6f@shareasale.com,Male,234.157.102.165
233,Olav,Makin,omakin6g@surveymonkey.com,Non-binary,181.113.28.235
234,Rosalinde,Sheldrick,rsheldrick6h@yellowbook.com,Female,253.248.99.176
235,Dorey,Buscher,dbuscher6i@unc.edu,Female,96.85.172.48
236,Prudence,Frane,pfrane6j@w3.org,Female,100.185.29.66
237,Dorette,Bartleman,dbartleman6k@quantcast.com,Female,140.134.77.107
238,Shanda,Stowers,sstowers6l@spiegel.de,Female,206.206.205.123
239,Maryl,Balfre,mbalfre6m@examiner.com,Female,184.242.147.144
240,Alexandre,Kadar,akadar6n@altervista.org,Male,228.201.220.186
241,Sabine,Deville,sdeville6o@tamu.edu,Female,155.45.170.161
242,Beth,Norcop,bnorcop6p@timesonline.co.uk,Female,17.245.34.119
243,Claudius,Barbrook,cbarbrook6q@mit.edu,Male,19.102.59.222
244,Vidovic,Merriott,vmerriott6r@fastcompany.com,Genderfluid,207.172.36.198
245,Genia,Scogin,gscogin6s@wired.com,Female,241.41.204.231
246,Alice,Merrywether,amerrywether6t@amazon.co.uk,Female,11.6.72.118
247,Nilson,Parcells,nparcells6u@yahoo.com,Male,152.131.5.29
248,Nancy,Cammell,ncammell6v@patch.com,Female,36.10.104.25
249,Meridith,Bennen,mbennen6w@gnu.org,Female,57.158.55.118
250,Barclay,Baughn,bbaughn6x@hubpages.com,Male,83.200.141.155
251,Inger,Dimelow,idimelow6y@wufoo.com,Male,95.19.101.142
252,Arturo,Rickerd,arickerd6z@sogou.com,Male,159.220.110.16
253,Karim,Gitthouse,kgitthouse70@mayoclinic.com,Male,82.51.83.89
254,Crysta,McKain,cmckain71@shinystat.com,Female,9.46.25.93
255,Eliza,Angel,eangel72@1und1.de,Female,184.179.37.112
256,Janie,Baudinelli,jbaudinelli73@goo.ne.jp,Female,39.85.218.71
257,Fayth,Friskey,ffriskey74@1688.com,Female,86.107.17.222
258,Emmett,Corston,ecorston75@photobucket.com,Male,37.202.169.127
259,Sal,Kimmins,skimmins76@pinterest.com,Male,249.131.23.212
260,Ofilia,Blincoe,oblincoe77@wired.com,Female,62.247.235.167
261,Harwell,Varrow,hvarrow78@sitemeter.com,Male,11.191.132.190
262,Cindelyn,Dummer,cdummer79@goo.ne.jp,Female,3.7.250.0
263,Parker,Radband,pradband7a@utexas.edu,Male,68.92.117.220
264,Leann,Brettel,lbrettel7b@narod.ru,Female,27.212.104.179
265,Godard,Yardley,gyardley7c@dion.ne.jp,Male,204.198.41.87
266,Jocelyn,Oxford,joxford7d@dedecms.com,Female,71.191.234.201
267,Nonna,Syer,nsyer7e@cbsnews.com,Genderqueer,20.162.36.60
268,Doyle,Jiggen,djiggen7f@sciencedirect.com,Male,106.151.22.173
269,Lethia,Petche,lpetche7g@desdev.cn,Bigender,53.40.89.253
270,Cozmo,Pfiffer,cpfiffer7h@goo.ne.jp,Male,228.81.200.3
271,Cindelyn,Ryland,cryland7i@smh.com.au,Polygender,142.176.245.126
272,Frasquito,Sprowson,fsprowson7j@hhs.gov,Male,139.37.189.40
273,Mike,Butterfint,mbutterfint7k@discovery.com,Male,173.153.56.115
274,Kacey,McSorley,kmcsorley7l@techcrunch.com,Female,231.35.131.85
275,Ash,Aykroyd,aaykroyd7m@nba.com,Male,130.156.72.100
276,Forester,Trail,ftrail7n@jalbum.net,Polygender,232.149.244.128
277,Rivi,Labbez,rlabbez7o@dagondesign.com,Female,249.67.155.235
278,Kelly,Ricold,kricold7p@google.co.uk,Female,240.8.70.50
279,Dmitri,Drissell,ddrissell7q@washingtonpost.com,Male,36.92.242.233
280,Eamon,Coldman,ecoldman7r@google.pl,Male,102.183.93.11
281,Lars,Chatelot,lchatelot7s@infoseek.co.jp,Male,53.116.250.255
282,Dido,Hannaby,dhannaby7t@dion.ne.jp,Female,99.82.25.48
283,Karlan,Sitford,ksitford7u@usda.gov,Male,215.5.65.29
284,Joby,Donaho,jdonaho7v@dell.com,Female,164.90.56.232
285,Noby,Lilian,nlilian7w@newsvine.com,Non-binary,77.4.55.251
286,Tomas,Dimitriou,tdimitriou7x@simplemachines.org,Male,42.192.113.209
287,Carmina,Murdoch,cmurdoch7y@uiuc.edu,Female,194.128.100.55
288,Cherilyn,Handscombe,chandscombe7z@deviantart.com,Female,20.97.93.19
289,Heriberto,Bungey,hbungey80@army.mil,Male,104.130.37.123
290,Booth,Theriot,btheriot81@joomla.org,Male,190.121.14.57
291,Percy,Baptie,pbaptie82@g.co,Male,54.92.156.172
292,Ignaz,Biggins,ibiggins83@unesco.org,Male,128.190.18.127
293,Darci,Woolfoot,dwoolfoot84@wsj.com,Female,70.8.226.217
294,Kahaleel,Kinlock,kkinlock85@wisc.edu,Male,104.187.204.43
295,Gabbie,Wanek,gwanek86@blogger.com,Male,234.217.232.52
296,Erhard,Smidmore,esmidmore87@mail.ru,Male,56.103.130.30
297,Valera,MacSorley,vmacsorley88@surveymonkey.com,Female,144.181.117.188
298,Doll,Colebeck,dcolebeck89@epa.gov,Bigender,220.159.69.166
299,Garrick,Tresise,gtresise8a@dion.ne.jp,Male,223.38.175.191
300,Sergeant,Wapple,swapple8b@globo.com,Male,181.241.179.133
301,Analiese,Viger,aviger8c@macromedia.com,Female,168.255.40.52
302,Olva,Grollmann,ogrollmann8d@tinyurl.com,Female,164.137.127.57
303,Darby,Gentile,dgentile8e@wunderground.com,Male,93.64.148.18
304,Myrna,Trillo,mtrillo8f@google.com.au,Female,218.18.231.80
305,Alberta,Cooksey,acooksey8g@seattletimes.com,Female,166.126.118.82
306,Kristen,Phillcox,kphillcox8h@bloglines.com,Female,90.190.63.50
307,Nerissa,Dollin,ndollin8i@nationalgeographic.com,Female,14.80.244.221
308,Monica,Petrovykh,mpetrovykh8j@ask.com,Female,231.135.36.4
309,Ginelle,Telford,gtelford8k@fc2.com,Female,187.100.196.47
310,Tyrus,Matyukon,tmatyukon8l@seattletimes.com,Male,101.17.24.197
311,Catharine,Corradetti,ccorradetti8m@amazonaws.com,Female,8.180.188.144
312,Meredeth,Wendover,mwendover8n@bluehost.com,Male,187.137.6.166
313,Melly,Grimmett,mgrimmett8o@indiatimes.com,Genderfluid,82.136.140.61
314,Hayyim,Kief,hkief8p@godaddy.com,Male,72.176.122.25
315,Geri,Hamper,ghamper8q@chicagotribune.com,Female,0.171.80.6
316,Whit,Aymeric,waymeric8r@bbb.org,Male,241.166.55.88
317,Helli,Buggs,hbuggs8s@patch.com,Female,156.30.56.32
318,Marlena,Ninnis,mninnis8t@sfgate.com,Female,104.3.107.15
319,Shannen,Long,slong8u@sphinn.com,Female,22.23.46.89
320,Aimee,Carus,acarus8v@icio.us,Female,169.101.106.227
321,Alley,Kirkham,akirkham8w@walmart.com,Male,240.187.208.122
322,El,Aleksankov,ealeksankov8x@sourceforge.net,Male,3.201.241.124
323,Tomi,Grellis,tgrellis8y@myspace.com,Female,192.244.164.115
324,Cecilius,Marston,cmarston8z@msn.com,Male,119.40.42.175
325,Dotti,Hansemann,dhansemann90@amazonaws.com,Female,252.10.110.131
326,Letta,Hullyer,lhullyer91@gravatar.com,Female,223.55.72.83
327,Drusilla,Trorey,dtrorey92@hhs.gov,Genderqueer,171.116.166.214
328,Linzy,Hackwell,lhackwell93@cloudflare.com,Female,247.127.127.220
329,Carolee,Wimbridge,cwimbridge94@forbes.com,Female,37.160.206.163
330,Liliane,Kestin,lkestin95@msu.edu,Female,233.67.91.197
331,Koenraad,Nash,knash96@time.com,Male,155.119.4.5
332,Gearard,Boltwood,gboltwood97@deliciousdays.com,Male,218.173.36.174
333,Bruno,Seleway,bseleway98@kickstarter.com,Male,86.130.249.15
334,Ricky,Sackur,rsackur99@merriam-webster.com,Male,164.4.110.57
335,Ingram,Berrycloth,iberrycloth9a@gov.uk,Male,155.247.1.13
336,Hyacintha,Barszczewski,hbarszczewski9b@photobucket.com,Female,225.46.105.140
337,Clayton,Kops,ckops9c@google.cn,Non-binary,54.148.250.231
338,Pacorro,Slisby,pslisby9d@yellowbook.com,Male,163.110.101.13
339,Teodor,Tedder,ttedder9e@php.net,Agender,3.76.238.32
340,Gasparo,Levin,glevin9f@salon.com,Male,101.207.206.176
341,Wendye,Dhillon,wdhillon9g@wisc.edu,Female,122.207.80.163
342,Timoteo,MacGinley,tmacginley9h@dropbox.com,Genderqueer,57.238.95.102
343,Batsheva,Cochern,bcochern9i@epa.gov,Female,188.84.159.94
344,Bernardo,Hradsky,bhradsky9j@51.la,Non-binary,83.91.241.12
345,Hunfredo,Kielt,hkielt9k@umich.edu,Male,90.127.26.128
346,Veronique,Gammage,vgammage9l@mapy.cz,Female,103.221.7.88
347,Thornie,Gribbon,tgribbon9m@unesco.org,Male,190.183.190.64
348,Christy,Lytton,clytton9n@sakura.ne.jp,Female,116.195.189.160
349,Vidovic,Earsman,vearsman9o@psu.edu,Male,44.111.133.12
350,Melony,Naisbitt,mnaisbitt9p@livejournal.com,Female,216.142.103.67
351,Celisse,Anderton,canderton9q@opera.com,Female,6.204.71.218
352,Byrann,Fitzpatrick,bfitzpatrick9r@cnn.com,Male,247.72.193.139
353,Ginger,Betteney,gbetteney9s@chron.com,Polygender,213.4.213.120
354,Roley,Coyish,rcoyish9t@economist.com,Male,156.0.30.129
355,Mack,Kenway,mkenway9u@ftc.gov,Male,14.224.65.70
356,Grethel,Mattiassi,gmattiassi9v@soup.io,Female,131.182.234.177
357,Reggie,Rouzet,rrouzet9w@dropbox.com,Male,47.147.46.29
358,Wilma,Kundt,wkundt9x@techcrunch.com,Female,61.60.90.241
359,Anabel,McCullough,amccullough9y@canalblog.com,Female,185.39.129.49
360,Valera,Weald,vweald9z@aol.com,Female,197.188.54.8
361,Madlen,Gomby,mgombya0@si.edu,Female,79.174.1.235
362,Wilton,Van den Velde,wvandenveldea1@oracle.com,Male,149.207.39.203
363,Jolynn,Tissington,jtissingtona2@delicious.com,Female,86.200.229.42
364,Bruis,Yonge,byongea3@dropbox.com,Male,104.142.5.158
365,Gussi,Lanchbery,glanchberya4@army.mil,Female,213.9.97.40
366,Aron,Dunrige,adunrigea5@ucoz.ru,Male,135.175.125.18
367,Ruthe,Chastand,rchastanda6@about.com,Female,171.219.235.136
368,Willetta,Bennit,wbennita7@nasa.gov,Female,133.165.242.250
369,Betty,Geering,bgeeringa8@google.co.uk,Female,153.53.204.157
370,Melamie,Beahan,mbeahana9@hugedomains.com,Female,184.172.141.168
371,Berkie,Rohlfing,brohlfingaa@boston.com,Male,236.14.6.0
372,Zachary,Humberstone,zhumberstoneab@gnu.org,Male,109.88.92.251
373,Bertha,Sidden,bsiddenac@prlog.org,Female,143.251.3.244
374,Colver,Juares,cjuaresad@fc2.com,Male,19.44.128.78
375,Jo-anne,Bastick,jbastickae@myspace.com,Female,47.22.163.195
376,Kaspar,Scaife,kscaifeaf@psu.edu,Genderfluid,227.227.185.77
377,Gavin,Foucher,gfoucherag@ow.ly,Male,20.232.96.219
378,Giff,Babbs,gbabbsah@surveymonkey.com,Male,244.91.153.54
379,Peder,Tribble,ptribbleai@51.la,Male,106.240.148.34
380,Tom,Rosendall,trosendallaj@gnu.org,Male,186.114.64.254
381,Erhart,Punyer,epunyerak@yellowpages.com,Male,137.151.216.173
382,Kurt,Duplain,kduplainal@illinois.edu,Male,14.146.132.16
383,Madeleine,Faas,mfaasam@wired.com,Female,14.143.102.167
384,Yolande,Skett,yskettan@loc.gov,Female,37.209.107.253
385,Katusha,Quarton,kquartonao@loc.gov,Female,118.237.68.89
386,Neala,Rosenstock,nrosenstockap@reddit.com,Female,137.32.2.233
387,Ban,Trenouth,btrenouthaq@addtoany.com,Agender,132.115.118.108
388,Tammie,LeEstut,tleestutar@princeton.edu,Male,65.101.56.245
389,Giraldo,Orta,gortaas@cnbc.com,Male,221.39.147.213
390,Gwenora,Bartrap,gbartrapat@newyorker.com,Female,131.101.94.143
391,Meredith,Byham,mbyhamau@mayoclinic.com,Female,131.92.88.56
392,Odey,McGinly,omcginlyav@photobucket.com,Male,237.140.248.28
393,Galen,Tomsen,gtomsenaw@homestead.com,Male,0.21.85.36
394,Tersina,Alexsandrowicz,talexsandrowiczax@histats.com,Female,115.210.19.159
395,Lacey,Scheu,lscheuay@wix.com,Polygender,213.53.236.169
396,Herbert,Sabatini,hsabatiniaz@yahoo.com,Male,17.214.48.246
397,Jerome,Demongeot,jdemongeotb0@odnoklassniki.ru,Male,103.223.13.192
398,Benedikta,McCrackan,bmccrackanb1@dmoz.org,Female,118.211.110.177
399,Trina,Kleinpeltz,tkleinpeltzb2@pbs.org,Female,229.0.84.196
400,Lee,Tatlowe,ltatloweb3@pcworld.com,Female,89.201.129.79
401,Silvanus,Lelliott,slelliottb4@statcounter.com,Male,129.106.120.169
402,Stephana,Perrins,sperrinsb5@patch.com,Female,249.89.62.184
403,Zebadiah,Blayney,zblayneyb6@home.pl,Male,207.181.156.79
404,Bing,Fairman,bfairmanb7@etsy.com,Male,159.242.185.236
405,See,Nealey,snealeyb8@opensource.org,Male,83.241.174.139
406,Corny,Cromwell,ccromwellb9@google.com.au,Genderfluid,78.195.36.110
407,Shelba,Goddard,sgoddardba@drupal.org,Female,3.140.101.252
408,Errick,Edgeon,eedgeonbb@wp.com,Male,14.206.214.101
409,Holmes,Marxsen,hmarxsenbc@unesco.org,Male,44.132.95.240
410,Rowen,Fairley,rfairleybd@desdev.cn,Male,137.87.125.25
411,Isidore,Bontine,ibontinebe@odnoklassniki.ru,Male,110.195.84.158
412,Winifield,Gilchriest,wgilchriestbf@ustream.tv,Male,72.240.242.112
413,Kylen,Brosh,kbroshbg@unblog.fr,Genderqueer,130.46.168.101
414,Tiphany,Yonge,tyongebh@ibm.com,Non-binary,212.67.174.172
415,Elysia,Trounson,etrounsonbi@barnesandnoble.com,Female,42.233.207.228
416,Alyda,Livingston,alivingstonbj@gizmodo.com,Female,10.51.79.206
417,Laurel,Wooder,lwooderbk@squidoo.com,Female,106.78.51.158
418,Garry,Petrovsky,gpetrovskybl@godaddy.com,Bigender,155.163.27.83
419,Clare,Archbutt,carchbuttbm@i2i.jp,Male,169.15.98.252
420,Jared,Panons,jpanonsbn@shop-pro.jp,Male,22.155.183.95
421,Melessa,Mattacks,mmattacksbo@eepurl.com,Female,69.156.217.122
422,Meggie,Fishleigh,mfishleighbp@comsenz.com,Female,87.236.132.248
423,Gusty,Dreher,gdreherbq@telegraph.co.uk,Female,40.114.175.72
424,Barbaraanne,Haddow,bhaddowbr@telegraph.co.uk,Female,249.223.2.150
425,Vassily,Gordon-Giles,vgordongilesbs@t-online.de,Male,241.230.77.122
426,Olwen,Finnick,ofinnickbt@deviantart.com,Female,37.156.60.231
427,Lionello,Officer,lofficerbu@mit.edu,Male,111.252.142.45
428,Eb,Braycotton,ebraycottonbv@meetup.com,Male,7.198.105.124
429,Leighton,Turfitt,lturfittbw@chronoengine.com,Male,160.192.221.40
430,Asia,Legonidec,alegonidecbx@ask.com,Genderqueer,106.8.212.118
431,Irwin,Clancy,iclancyby@irs.gov,Male,18.87.17.112
432,Bartholomeo,Lapenna,blapennabz@theglobeandmail.com,Male,229.58.205.141
433,Darrin,McLugaish,dmclugaishc0@google.co.jp,Male,128.211.148.226
434,Loria,Wittke,lwittkec1@hibu.com,Female,152.90.57.97
435,Almeta,Rubrow,arubrowc2@amazon.de,Female,129.118.120.2
436,Shandee,Scholfield,sscholfieldc3@usnews.com,Female,79.66.24.44
437,Teodorico,Murie,tmuriec4@theatlantic.com,Male,203.242.199.234
438,Fiona,Naish,fnaishc5@hatena.ne.jp,Female,56.195.206.71
439,Claribel,Kisbey,ckisbeyc6@spiegel.de,Non-binary,109.152.132.87
440,Chip,Andryushchenko,candryushchenkoc7@oracle.com,Male,149.161.137.73
441,Nanci,Chalcroft,nchalcroftc8@newyorker.com,Female,166.207.58.154
442,Nickolaus,Londer,nlonderc9@gnu.org,Male,76.67.4.234
443,Syman,Duffitt,sduffittca@canalblog.com,Male,158.91.220.234
444,Pandora,Palfreyman,ppalfreymancb@huffingtonpost.com,Female,161.93.252.11
445,Ammamaria,Pettyfer,apettyfercc@ed.gov,Female,157.246.103.110
446,Mayor,Goldin,mgoldincd@time.com,Male,244.217.150.128
447,Neall,Kahan,nkahance@chron.com,Male,90.175.80.70
448,Deina,Syers,dsyerscf@fema.gov,Female,20.245.48.193
449,Nev,Cancott,ncancottcg@surveymonkey.com,Male,56.228.193.44
450,Prisca,Glide,pglidech@t.co,Female,23.188.87.113
451,Jewelle,O'Kerin,jokerinci@yahoo.com,Female,57.198.169.225
452,Jemmie,Cockram,jcockramcj@qq.com,Female,32.249.35.154
453,Corena,Bouette,cbouetteck@slate.com,Female,105.255.215.162
454,Germaine,Hutchence,ghutchencecl@psu.edu,Male,170.56.0.224
455,Harper,Howard,hhowardcm@51.la,Male,215.35.121.41
456,Hewitt,Gerin,hgerincn@nsw.gov.au,Agender,92.137.155.100
457,Sharia,Pinwill,spinwillco@bandcamp.com,Female,45.56.187.217
458,Laraine,Friberg,lfribergcp@woothemes.com,Female,168.131.31.150
459,Hermann,Goodyear,hgoodyearcq@fastcompany.com,Male,7.197.116.92
460,Wolfy,Kalkofen,wkalkofencr@xing.com,Male,140.244.25.44
461,Wiley,Monelle,wmonellecs@amazon.com,Male,166.56.228.10
462,Maud,Carnachen,mcarnachenct@buzzfeed.com,Female,250.57.205.135
463,Anabelle,Gores,agorescu@chicagotribune.com,Female,142.10.218.156
464,Ericka,Bleakman,ebleakmancv@friendfeed.com,Female,104.183.210.133
465,Jarib,Caulton,jcaultoncw@nba.com,Male,153.3.231.241
466,Blayne,Lothean,blotheancx@reverbnation.com,Male,216.22.43.61
467,Elva,O'Hengerty,eohengertycy@utexas.edu,Female,140.10.207.12
468,Pooh,Templman,ptemplmancz@hao123.com,Male,57.200.57.78
469,Bess,Knee,bkneed0@prlog.org,Female,202.34.62.43
470,Janeen,Patley,jpatleyd1@amazon.de,Female,201.88.77.150
471,Averyl,Rumford,arumfordd2@theatlantic.com,Female,143.101.119.182
472,Shermie,Kersaw,skersawd3@google.com,Male,134.154.162.168
473,Truda,Esmond,tesmondd4@tmall.com,Female,250.135.140.139
474,Tabbatha,Benardeau,tbenardeaud5@jimdo.com,Female,90.4.8.179
475,Gabriel,McCowan,gmccowand6@berkeley.edu,Male,123.162.99.72
476,Fayette,Soigoux,fsoigouxd7@hc360.com,Female,31.68.85.87
477,Diandra,Matthew,dmatthewd8@huffingtonpost.com,Female,185.198.165.1
478,Pyotr,Boggs,pboggsd9@globo.com,Male,131.7.108.68
479,Correy,Hoyt,choytda@bluehost.com,Female,103.120.141.143
480,Daffi,Beresford,dberesforddb@yahoo.co.jp,Female,82.138.132.115
481,Nicko,Vallantine,nvallantinedc@miitbeian.gov.cn,Male,159.16.14.121
482,Kristien,Latchford,klatchforddd@4shared.com,Female,19.161.91.185
483,Halsy,Malinowski,hmalinowskide@globo.com,Male,59.54.105.96
484,Frederique,Gilding,fgildingdf@storify.com,Female,204.159.117.66
485,Colet,Youthead,cyoutheaddg@taobao.com,Male,235.157.236.81
486,Malachi,Marling,mmarlingdh@irs.gov,Male,219.33.51.194
487,Ahmad,Rolfini,arolfinidi@cnet.com,Male,68.38.219.16
488,Georgena,Metson,gmetsondj@bloglines.com,Female,60.219.25.76
489,Guthrey,Pietz,gpietzdk@noaa.gov,Male,10.148.255.184
490,Alix,Blum,ablumdl@sohu.com,Female,44.141.77.64
491,Cacilia,Izak,cizakdm@imgur.com,Female,156.201.199.120
492,Brooke,Ginni,bginnidn@plala.or.jp,Female,11.81.94.135
493,Sid,Silburn,ssilburndo@plala.or.jp,Male,102.119.47.108
494,Pearle,Pond-Jones,ppondjonesdp@naver.com,Female,201.255.8.22
495,Lars,Korting,lkortingdq@sina.com.cn,Male,205.68.144.253
496,Ambrosius,Coucha,acouchadr@yelp.com,Male,146.45.56.147
497,Dorri,Wignall,dwignallds@usgs.gov,Female,60.241.213.179
498,Elianora,Guillet,eguilletdt@home.pl,Female,202.236.196.138
499,Evy,Knok,eknokdu@dedecms.com,Female,85.239.187.72
500,Gigi,Gimeno,ggimenodv@skyrock.com,Female,249.186.171.112
501,Hakeem,Hun,hhundw@amazonaws.com,Male,142.59.104.158
502,Tadio,MacDearmaid,tmacdearmaiddx@google.fr,Male,151.55.27.251
503,Byran,Pacquet,bpacquetdy@tripadvisor.com,Male,152.72.42.68
504,Riccardo,Noen,rnoendz@naver.com,Male,192.106.209.127
505,Hector,Lumsdon,hlumsdone0@goo.gl,Genderfluid,243.157.30.155
506,Filide,Duns,fdunse1@cbc.ca,Female,142.217.11.17
507,Cristal,Marvelley,cmarvelleye2@studiopress.com,Female,151.233.44.38
508,Elenore,Fellgett,efellgette3@etsy.com,Polygender,131.173.103.107
509,Brad,Parkman,bparkmane4@fastcompany.com,Male,197.89.194.85
510,Marcie,Andover,mandovere5@ask.com,Female,150.222.233.184
511,Bordie,Salvin,bsalvine6@goo.ne.jp,Male,170.78.217.182
512,Coriss,Swalowe,cswalowee7@columbia.edu,Female,118.231.92.128
513,Bary,Hesey,bheseye8@opensource.org,Male,102.169.29.218
514,Caz,Oger,cogere9@privacy.gov.au,Non-binary,13.209.49.16
515,Graehme,McCadden,gmccaddenea@skype.com,Male,5.225.98.114
516,Trish,Waszkiewicz,twaszkiewiczeb@smh.com.au,Female,208.173.21.101
517,Granthem,Wanden,gwandenec@fotki.com,Polygender,156.119.138.208
518,Randie,McInnes,rmcinnesed@china.com.cn,Male,38.248.84.167
519,Markus,Bovingdon,mbovingdonee@shinystat.com,Genderqueer,113.36.56.249
520,Lisle,Lembcke,llembckeef@army.mil,Male,128.11.126.70
521,Pascale,Levene,pleveneeg@whitehouse.gov,Male,184.99.143.32
522,Emanuel,Carbine,ecarbineeh@eventbrite.com,Male,46.14.255.216
523,Lalo,Fowler,lfowlerei@4shared.com,Genderfluid,233.197.133.46
524,Timmie,Antonchik,tantonchikej@nytimes.com,Male,245.19.67.219
525,Fara,Cram,fcramek@aol.com,Female,150.66.2.5
526,Bathsheba,Lehrian,blehrianel@nytimes.com,Female,107.160.195.233
527,Christoforo,Yeend,cyeendem@dailymotion.com,Male,153.147.179.80
528,Nixie,Sunman,nsunmanen@nyu.edu,Non-binary,253.109.138.32
529,Annmarie,Drescher,adreschereo@naver.com,Polygender,232.204.214.244
530,Pru,Pickaver,ppickaverep@seattletimes.com,Female,190.6.92.14
531,Mandel,Seth,msetheq@shinystat.com,Male,72.135.175.76
532,Shelba,Marshal,smarshaler@hc360.com,Female,62.128.196.147
533,Courtney,Kelemen,ckelemenes@deliciousdays.com,Female,46.128.102.77
534,Angelo,Paulino,apaulinoet@google.ru,Bigender,111.213.18.210
535,Derrick,Chalcot,dchalcoteu@mapquest.com,Male,248.238.93.113
536,Corney,Rochelle,crochelleev@i2i.jp,Male,226.72.101.199
537,Shepperd,Yonnie,syonnieew@instagram.com,Male,110.73.187.25
538,Curr,Eiler,ceilerex@hhs.gov,Male,182.136.142.25
539,Padriac,Sparham,psparhamey@dropbox.com,Male,66.162.4.121
540,Esdras,Tadlow,etadlowez@eepurl.com,Male,180.4.110.168
541,Jana,Kmietsch,jkmietschf0@e-recht24.de,Female,160.209.3.223
542,Ring,Curl,rcurlf1@goodreads.com,Male,209.95.228.134
543,Charissa,Solloway,csollowayf2@dailymotion.com,Female,227.50.34.54
544,Carlie,Mizzen,cmizzenf3@nbcnews.com,Male,78.72.246.19
545,Cora,Lawrie,clawrief4@redcross.org,Genderqueer,163.180.112.123
546,Leena,Defew,ldefewf5@cmu.edu,Female,124.167.174.87
547,Cassie,Leathlay,cleathlayf6@youku.com,Male,170.14.71.64
548,Lynne,Fransman,lfransmanf7@hatena.ne.jp,Female,196.94.137.171
549,Elene,Norvill,enorvillf8@hugedomains.com,Female,46.24.126.77
550,Arley,Semens,asemensf9@ovh.net,Male,26.91.25.84
551,Pyotr,Godin,pgodinfa@opensource.org,Male,251.61.34.255
552,Mariska,Sigg,msiggfb@storify.com,Female,253.107.213.17
553,Marita,Waycot,mwaycotfc@google.nl,Female,241.114.10.15
554,Jenica,MacGarrity,jmacgarrityfd@unc.edu,Female,226.103.214.20
555,Caspar,Berka,cberkafe@china.com.cn,Male,98.24.199.204
556,Carlin,Ilchenko,cilchenkoff@imageshack.us,Male,3.170.216.67
557,Alexandrina,Van der Son,avandersonfg@about.me,Female,13.238.159.151
558,Dominica,Telega,dtelegafh@google.ca,Female,67.55.7.3
559,Myrvyn,Beacon,mbeaconfi@privacy.gov.au,Male,227.131.93.130
560,Humbert,Seary,hsearyfj@vk.com,Male,179.242.97.163
561,Irena,Wibberley,iwibberleyfk@comcast.net,Female,67.96.99.31
562,Cullen,Caro,ccarofl@slashdot.org,Male,130.158.35.205
563,Garold,Reichhardt,greichhardtfm@woothemes.com,Male,98.67.219.96
564,Louis,Mainston,lmainstonfn@domainmarket.com,Male,130.242.134.122
565,Adey,Kretchmer,akretchmerfo@ehow.com,Female,53.127.209.208
566,Winona,Anear,wanearfp@prweb.com,Female,26.235.137.215
567,Jereme,Trass,jtrassfq@reference.com,Male,59.183.34.178
568,Donetta,Yarrall,dyarrallfr@vistaprint.com,Female,174.150.225.102
569,Moses,Meaton,mmeatonfs@addtoany.com,Male,15.115.124.48
570,Aloin,Dursley,adursleyft@scientificamerican.com,Male,244.234.122.85
571,Joete,Danser,jdanserfu@w3.org,Female,180.134.227.111
572,Georg,Whellans,gwhellansfv@smugmug.com,Male,216.210.41.43
573,Mirabella,Gaucher,mgaucherfw@yellowpages.com,Female,243.246.198.31
574,Amerigo,Gorstidge,agorstidgefx@cyberchimps.com,Male,92.73.129.196
575,Obidiah,Heball,oheballfy@blogspot.com,Male,210.193.68.188
576,Cheri,O'Lennane,colennanefz@bbb.org,Female,218.160.126.7
577,Teresita,Elphinstone,telphinstoneg0@goodreads.com,Female,235.74.10.57
578,Gustavo,Haresnaip,gharesnaipg1@pcworld.com,Male,92.127.53.124
579,Rice,Roz,rrozg2@is.gd,Male,82.218.154.148
580,Trevar,Lazare,tlazareg3@prnewswire.com,Male,201.228.219.226
581,Morgun,Portugal,mportugalg4@deliciousdays.com,Male,11.100.13.153
582,Darnell,Veldstra,dveldstrag5@hugedomains.com,Male,197.95.166.65
583,Jyoti,Drayson,jdraysong6@hubpages.com,Polygender,179.211.61.150
584,Catherina,Denziloe,cdenziloeg7@ft.com,Female,10.224.108.247
585,Erroll,Litchmore,elitchmoreg8@uiuc.edu,Male,209.113.187.105
586,Chev,Christensen,cchristenseng9@aol.com,Male,107.228.27.123
587,Elysee,Powis,epowisga@ucoz.ru,Bigender,6.73.62.248
588,Constanta,Rubega,crubegagb@blogtalkradio.com,Genderfluid,46.125.174.97
589,Smith,Burrett,sburrettgc@fastcompany.com,Male,49.27.132.247
590,Ragnar,Inger,ringergd@odnoklassniki.ru,Male,198.44.193.241
591,Peria,Vezey,pvezeyge@umn.edu,Female,29.107.223.221
592,Melinda,Josovich,mjosovichgf@admin.ch,Female,248.155.7.101
593,Jeralee,MacGaffey,jmacgaffeygg@google.com.br,Female,197.86.49.228
594,Charmion,Greenrodd,cgreenroddgh@google.com.hk,Female,44.193.250.182
595,Elfrida,Bevir,ebevirgi@unesco.org,Female,140.28.126.156
596,Kimberlyn,Giffen,kgiffengj@alibaba.com,Female,180.215.46.102
597,Eddie,Shelper,eshelpergk@statcounter.com,Male,226.18.125.225
598,Allyce,Huby,ahubygl@jimdo.com,Female,247.204.92.19
599,Darda,Pothbury,dpothburygm@hibu.com,Female,23.200.119.161
600,Lane,Maben,lmabengn@soundcloud.com,Male,146.41.101.130
601,Amble,Gravie,agraviego@symantec.com,Polygender,102.151.105.245
602,Mireielle,Mowlam,mmowlamgp@prlog.org,Female,158.173.28.100
603,Cletus,Meale,cmealegq@plala.or.jp,Male,119.80.16.8
604,Godfrey,Gypps,ggyppsgr@booking.com,Male,199.144.89.117
605,Giustina,De Mattia,gdemattiags@soup.io,Female,113.6.27.45
606,Bearnard,Ehrat,behratgt@xrea.com,Male,191.92.24.81
607,Federica,Cressingham,fcressinghamgu@constantcontact.com,Female,90.59.131.0
608,Koren,Piell,kpiellgv@unc.edu,Female,80.158.151.119
609,Aldin,Helkin,ahelkingw@ow.ly,Male,94.131.181.97
610,Florette,Mantrip,fmantripgx@ask.com,Female,239.60.85.183
611,Prudi,Guyon,pguyongy@myspace.com,Female,165.201.145.101
612,Hewet,Harmes,hharmesgz@mtv.com,Male,65.205.238.64
613,Lyndell,Dewerson,ldewersonh0@1und1.de,Female,188.118.32.253
614,Nolan,Feldmus,nfeldmush1@blogspot.com,Male,12.182.216.206
615,Sybila,Bradie,sbradieh2@networksolutions.com,Female,21.157.239.98
616,Darby,Aaronsohn,daaronsohnh3@nasa.gov,Male,50.207.234.206
617,Thom,Dobbin,tdobbinh4@hubpages.com,Male,25.222.174.135
618,Pammi,Bromidge,pbromidgeh5@google.com.au,Non-binary,53.230.244.234
619,Barton,Bailie,bbailieh6@google.cn,Male,17.167.2.123
620,Lowell,Stait,lstaith7@wufoo.com,Male,254.32.82.186
621,Hale,Cull,hcullh8@army.mil,Male,251.131.1.164
622,Janek,Calverley,jcalverleyh9@gnu.org,Male,134.95.202.47
623,Aldis,Guild,aguildha@surveymonkey.com,Male,193.64.248.220
624,Noami,Jervois,njervoishb@vk.com,Female,156.14.139.94
625,Neill,Allcoat,nallcoathc@abc.net.au,Male,129.176.84.150
626,Hinze,Thomton,hthomtonhd@reuters.com,Male,63.166.64.22
627,Marie-jeanne,Ruperto,mrupertohe@hc360.com,Female,179.46.171.105
628,Demeter,Sitlinton,dsitlintonhf@tripadvisor.com,Female,152.210.17.207
629,Simon,Levinge,slevingehg@stanford.edu,Male,180.116.116.91
630,Ezequiel,Longstaffe,elongstaffehh@jalbum.net,Male,214.92.81.152
631,Germaine,Gordon,ggordonhi@businesswire.com,Male,105.201.119.68
632,Shandy,Jan,sjanhj@mediafire.com,Female,89.131.24.53
633,Fran,Prose,fprosehk@ustream.tv,Male,142.218.56.77
634,Vin,Wetherald,vwetheraldhl@devhub.com,Male,64.207.197.99
635,Pieter,Grzeszczak,pgrzeszczakhm@istockphoto.com,Male,2.60.8.89
636,Clary,Burgin,cburginhn@soundcloud.com,Female,84.192.221.235
637,Westbrook,Bolam,wbolamho@icio.us,Male,59.141.11.238
638,Rustin,Heinritz,rheinritzhp@abc.net.au,Male,130.1.49.62
639,Kim,Bockman,kbockmanhq@goodreads.com,Male,237.48.63.114
640,Maxy,Hamnet,mhamnethr@google.pl,Male,120.133.200.47
641,Davina,Pepler,dpeplerhs@cisco.com,Female,107.112.24.27
642,Ganny,Ropcke,gropckeht@columbia.edu,Male,1.35.15.130
643,Geoff,O'Hagerty,gohagertyhu@slideshare.net,Polygender,110.183.231.37
644,Deloris,Hardcastle,dhardcastlehv@bbb.org,Female,30.232.34.222
645,Domeniga,Lyddiatt,dlyddiatthw@ycombinator.com,Female,144.26.255.73
646,Ursa,Hussey,uhusseyhx@slate.com,Female,221.139.130.162
647,Anastasie,Boscott,aboscotthy@umich.edu,Female,133.237.214.84
648,Maddie,Seegar,mseegarhz@photobucket.com,Male,84.177.6.215
649,Hilary,O'Hartnett,hohartnetti0@google.com,Female,86.9.177.78
650,Birch,Dugmore,bdugmorei1@skype.com,Male,40.147.232.20
651,Joy,Harlin,jharlini2@ucla.edu,Female,1.104.118.194
652,Lockwood,Blenkin,lblenkini3@ebay.com,Male,222.58.213.195
653,Claudie,McCaffrey,cmccaffreyi4@mtv.com,Female,128.120.111.122
654,Meridel,Kohrding,mkohrdingi5@hubpages.com,Female,54.59.187.235
655,Ingaberg,Frangleton,ifrangletoni6@privacy.gov.au,Female,218.234.14.26
656,Amalita,Orrom,aorromi7@geocities.jp,Female,2.2.183.231
657,Leonelle,Murty,lmurtyi8@lulu.com,Female,194.20.138.83
658,Orel,Hegley,ohegleyi9@rambler.ru,Female,40.225.84.74
659,Roddie,Whithorn,rwhithornia@weebly.com,Male,22.76.207.212
660,Mariellen,Scotchbrook,mscotchbrookib@exblog.jp,Female,116.206.69.31
661,Tyson,Gritton,tgrittonic@theguardian.com,Male,21.66.239.251
662,Isacco,Oakton,ioaktonid@loc.gov,Male,178.209.214.184
663,Rozalin,Maytom,rmaytomie@qq.com,Female,238.58.44.159
664,Yves,Buney,ybuneyif@hc360.com,Male,109.16.21.226
665,Boniface,Piatkow,bpiatkowig@webs.com,Male,178.141.180.237
666,Nevil,Dark,ndarkih@indiegogo.com,Male,45.180.171.15
667,Tani,Passy,tpassyii@amazon.com,Female,226.8.153.74
668,Ramsey,Currie,rcurrieij@taobao.com,Male,141.87.42.209
669,Alastair,Golden,agoldenik@amazonaws.com,Male,254.34.203.195
670,Ignace,Keuntje,ikeuntjeil@studiopress.com,Male,37.175.50.67
671,Ruttger,Fomichyov,rfomichyovim@plala.or.jp,Male,202.126.245.126
672,Duane,Bollin,dbollinin@cnn.com,Male,183.105.27.148
673,Vassily,Eccersley,veccersleyio@sina.com.cn,Male,228.164.33.113
674,Magdalena,Swindells,mswindellsip@goodreads.com,Female,112.191.14.180
675,Iorgo,Pawlyn,ipawlyniq@deviantart.com,Male,33.238.170.51
676,Jillana,D'Aubney,jdaubneyir@sbwire.com,Female,53.55.121.172
677,Mikaela,Valenti,mvalentiis@cocolog-nifty.com,Female,201.149.198.170
678,Celina,Kimmins,ckimminsit@chron.com,Female,115.28.94.32
679,Tracy,Lettington,tlettingtoniu@edublogs.org,Male,50.241.224.216
680,Kathlin,Girodier,kgirodieriv@w3.org,Female,16.193.9.37
681,Ediva,Ca,ecaiw@merriam-webster.com,Female,171.16.160.192
682,Shea,Fereday,sferedayix@paginegialle.it,Female,144.67.58.57
683,Ainslie,Dilrew,adilrewiy@who.int,Female,147.23.125.19
684,Faye,Strick,fstrickiz@google.co.jp,Female,182.187.182.238
685,Nerti,Valenti,nvalentij0@ebay.co.uk,Female,95.85.166.168
686,Lacy,Nicol,lnicolj1@si.edu,Female,239.61.175.89
687,Brina,Shillabear,bshillabearj2@un.org,Female,208.72.187.134
688,Justinian,Hoogendorp,jhoogendorpj3@soup.io,Male,15.90.77.91
689,Kimball,Ybarra,kybarraj4@rediff.com,Male,217.2.31.242
690,Marie-ann,Lincoln,mlincolnj5@vimeo.com,Female,174.154.167.112
691,Yasmeen,Joubert,yjoubertj6@altervista.org,Female,205.50.25.6
692,Francoise,Towns,ftownsj7@mediafire.com,Female,99.102.37.177
693,Andree,Fealty,afealtyj8@51.la,Female,89.68.110.31
694,Devlen,Sacco,dsaccoj9@vk.com,Polygender,208.144.144.238
695,Jethro,Gemmill,jgemmillja@yellowpages.com,Male,174.204.98.184
696,Alic,Gaspard,agaspardjb@trellian.com,Male,166.230.73.214
697,Jeannine,Cherrett,jcherrettjc@unesco.org,Female,145.105.183.155
698,Lotte,Grogono,lgrogonojd@huffingtonpost.com,Female,224.185.253.167
699,Maxine,Crimp,mcrimpje@google.it,Female,245.214.11.230
700,Frannie,Meachan,fmeachanjf@deliciousdays.com,Female,56.59.136.93
701,Ekaterina,Riggott,eriggottjg@smugmug.com,Genderfluid,66.136.210.95
702,Angele,Baudic,abaudicjh@boston.com,Female,205.118.139.233
703,Caralie,Luckett,cluckettji@nih.gov,Female,134.224.158.134
704,Cesare,Clewett,cclewettjj@forbes.com,Male,22.44.36.216
705,Anastasie,Bithany,abithanyjk@indiatimes.com,Female,138.99.62.0
706,Keir,Peyzer,kpeyzerjl@si.edu,Male,157.81.169.211
707,Elnore,Callcott,ecallcottjm@springer.com,Female,113.97.185.73
708,Fidel,Brushfield,fbrushfieldjn@home.pl,Non-binary,246.199.168.158
709,Sayer,Gellan,sgellanjo@blogger.com,Male,51.124.182.184
710,Ab,Heindrich,aheindrichjp@dmoz.org,Male,171.90.40.148
711,Guinevere,Blair,gblairjq@skype.com,Female,94.195.207.6
712,Bent,Birth,bbirthjr@cam.ac.uk,Male,52.83.133.179
713,Amberly,Kleinert,akleinertjs@japanpost.jp,Female,90.121.204.254
714,Lilia,Drew,ldrewjt@flavors.me,Female,183.98.156.58
715,Tadio,Donoher,tdonoherju@pinterest.com,Male,207.248.119.58
716,Cara,Dunnan,cdunnanjv@cbc.ca,Female,33.235.164.255
717,Nicol,Posvner,nposvnerjw@unicef.org,Female,159.157.192.249
718,Glennis,McIvor,gmcivorjx@webmd.com,Genderfluid,69.168.42.115
719,Catlee,Kinder,ckinderjy@shutterfly.com,Female,68.196.134.185
720,Reginald,Mongain,rmongainjz@tinypic.com,Male,48.255.212.33
721,Ginny,Matijevic,gmatijevick0@statcounter.com,Female,115.155.203.95
722,Lyndy,Armell,larmellk1@posterous.com,Female,62.165.233.209
723,Andria,Ridd,ariddk2@wikia.com,Genderqueer,88.14.105.121
724,Mordecai,Schwieso,mschwiesok3@wix.com,Male,185.121.95.138
725,Innis,O'Rafferty,ioraffertyk4@stumbleupon.com,Male,169.180.59.90
726,Garreth,Pluck,gpluckk5@blinklist.com,Male,121.253.164.188
727,Hersch,Tibols,htibolsk6@blogs.com,Male,187.200.18.68
728,Fiann,Edens,fedensk7@youku.com,Female,80.118.166.134
729,Rose,Drescher,rdrescherk8@washingtonpost.com,Female,231.30.170.5
730,Gregor,Lowndsborough,glowndsboroughk9@quantcast.com,Male,138.185.83.61
731,Belva,Miquelet,bmiqueletka@odnoklassniki.ru,Female,142.193.84.195
732,Kat,Cisson,kcissonkb@altervista.org,Female,167.116.152.43
733,Giorgi,Drioli,gdriolikc@cam.ac.uk,Male,249.143.195.90
734,Dickie,Balcon,dbalconkd@angelfire.com,Male,251.75.217.129
735,Joe,Keddie,jkeddieke@msu.edu,Male,146.6.3.185
736,Gustavus,Pithcock,gpithcockkf@smugmug.com,Male,71.96.255.95
737,Derrick,Gowrich,dgowrichkg@acquirethisname.com,Male,14.50.40.132
738,Leticia,Guerra,lguerrakh@opensource.org,Female,60.13.42.205
739,Gayla,Baptista,gbaptistaki@php.net,Female,151.32.57.81
740,Joelie,Carthew,jcarthewkj@typepad.com,Genderfluid,218.170.171.181
741,Skelly,Mingardi,smingardikk@vimeo.com,Male,6.155.202.52
742,Fin,Filinkov,ffilinkovkl@dedecms.com,Male,34.82.92.71
743,Maxy,Jaynes,mjayneskm@thetimes.co.uk,Male,224.199.100.105
744,Gretta,Szymczyk,gszymczykkn@woothemes.com,Female,100.156.84.204
745,Corrie,Pogosian,cpogosianko@purevolume.com,Female,100.168.223.61
746,Abel,Dunstan,adunstankp@homestead.com,Male,40.76.8.72
747,Nalani,Oldale,noldalekq@yelp.com,Female,110.90.220.79
748,Darwin,Pretsel,dpretselkr@google.cn,Male,33.54.18.247
749,Suellen,Witsey,switseyks@nasa.gov,Female,75.230.136.114
750,Krystyna,O'Sherrin,kosherrinkt@miitbeian.gov.cn,Female,69.167.173.62
751,Kaitlyn,Erangey,kerangeyku@shinystat.com,Polygender,9.227.242.253
752,Ives,Bradick,ibradickkv@google.pl,Polygender,46.219.71.73
753,Waylon,Calderonello,wcalderonellokw@live.com,Male,233.198.54.48
754,Verile,Farfolomeev,vfarfolomeevkx@123-reg.co.uk,Genderfluid,79.237.251.3
755,Tiebold,Glison,tglisonky@examiner.com,Male,179.51.22.103
756,Vale,Pretswell,vpretswellkz@nytimes.com,Genderfluid,246.232.14.61
757,Laney,Pim,lpiml0@redcross.org,Genderqueer,47.109.62.126
758,Dexter,Pardie,dpardiel1@blogtalkradio.com,Male,112.172.120.117
759,Farrel,Farfull,ffarfulll2@oakley.com,Male,7.217.184.239
760,Romola,Boij,rboijl3@exblog.jp,Female,177.51.13.155
761,Sammy,Veschi,sveschil4@ucsd.edu,Female,90.68.137.252
762,Betteann,Abela,babelal5@over-blog.com,Female,161.248.210.148
763,Norry,Waiton,nwaitonl6@gizmodo.com,Male,12.247.157.63
764,Elsworth,Thiem,ethieml7@washington.edu,Male,173.173.220.95
765,Diannne,McIlvoray,dmcilvorayl8@surveymonkey.com,Female,18.52.88.13
766,Ralf,Whysall,rwhysalll9@wufoo.com,Male,115.104.39.32
767,Trude,Dryden,tdrydenla@ow.ly,Female,46.250.142.8
768,Genny,Garden,ggardenlb@virginia.edu,Female,110.48.12.13
769,Maighdiln,Malster,mmalsterlc@gravatar.com,Female,110.84.51.213
770,Cobb,Muffitt,cmuffittld@godaddy.com,Male,86.47.107.28
771,Neron,Sollitt,nsollittle@phoca.cz,Male,85.25.36.220
772,Francesca,Boddymead,fboddymeadlf@independent.co.uk,Female,158.87.207.75
773,Camel,Dallyn,cdallynlg@youtube.com,Female,188.75.222.18
774,Rolf,Aspray,raspraylh@linkedin.com,Male,246.67.123.226
775,Tamas,Winsor,twinsorli@tiny.cc,Male,62.160.233.143
776,Sheffy,Thundercliffe,sthundercliffelj@opera.com,Male,126.27.102.239
777,Rustin,Burkert,rburkertlk@earthlink.net,Male,168.171.237.63
778,Melodee,Giabucci,mgiabuccill@123-reg.co.uk,Female,10.106.130.138
779,Taber,Bolitho,tbolitholm@github.com,Male,227.247.241.125
780,Guinevere,Iacavone,giacavoneln@blogspot.com,Non-binary,145.200.44.177
781,Stanton,Bennion,sbennionlo@slashdot.org,Male,157.250.69.53
782,Alayne,Standell,astandelllp@pcworld.com,Female,241.173.187.249
783,Stephenie,Stirgess,sstirgesslq@prweb.com,Female,83.176.46.137
784,Saidee,Egginton,seggintonlr@gizmodo.com,Female,35.120.172.26
785,Tab,Eneas,teneasls@pbs.org,Male,229.205.56.39
786,Raimundo,Giraudel,rgiraudellt@omniture.com,Male,6.28.134.167
787,Dierdre,Lavin,dlavinlu@weebly.com,Female,50.249.65.135
788,Nanete,MacHoste,nmachostelv@spiegel.de,Female,169.26.228.51
789,Leonerd,Thorp,lthorplw@tripod.com,Male,223.107.162.8
790,Felizio,Moro,fmorolx@about.com,Male,47.254.183.101
791,Analise,Raft,araftly@google.fr,Female,75.184.43.178
792,Gregg,Stowgill,gstowgilllz@vistaprint.com,Male,181.103.41.26
793,Aeriell,Caughte,acaughtem0@slashdot.org,Female,91.249.132.54
794,Mohammed,Blackler,mblacklerm1@addthis.com,Male,102.99.198.216
795,Emilio,Gutridge,egutridgem2@opera.com,Polygender,78.245.205.183
796,Pammie,O'Caine,pocainem3@cnbc.com,Female,139.146.94.139
797,Sutherlan,Hayler,shaylerm4@dagondesign.com,Male,134.62.139.69
798,Elroy,Navarro,enavarrom5@webmd.com,Male,46.114.207.48
799,Geraldine,Revie,greviem6@tumblr.com,Female,255.85.30.2
800,Daloris,O' Mara,domaram7@ftc.gov,Female,129.203.189.136
801,Saloma,Bosma,sbosmam8@gnu.org,Female,193.150.173.19
802,Hilde,Gonin,hgoninm9@mapquest.com,Female,5.4.231.223
803,Alexei,Gristock,agristockma@hhs.gov,Male,121.197.228.102
804,Alard,Karpman,akarpmanmb@deviantart.com,Male,247.253.230.78
805,Cheryl,Gerkens,cgerkensmc@dyndns.org,Female,154.237.235.129
806,Gerry,Pollicatt,gpollicattmd@lycos.com,Male,207.62.85.249
807,Jerri,Grief,jgriefme@newyorker.com,Male,42.238.123.97
808,Talbert,Adamson,tadamsonmf@cnet.com,Male,162.69.6.195
809,Nata,Martell,nmartellmg@tinyurl.com,Female,77.27.138.88
810,Ferd,Gallegos,fgallegosmh@facebook.com,Male,140.99.200.213
811,Arnuad,Knight,aknightmi@tmall.com,Male,134.156.225.195
812,Dalia,Iacomo,diacomomj@mashable.com,Female,173.124.238.61
813,Monroe,Penhalurick,mpenhalurickmk@smugmug.com,Male,110.207.125.225
814,Reinwald,Povah,rpovahml@123-reg.co.uk,Male,43.67.149.174
815,Vassily,Peirce,vpeircemm@addtoany.com,Male,41.11.242.152
816,Dody,Shurville,dshurvillemn@smh.com.au,Female,80.38.4.63
817,Maddie,Simacek,msimacekmo@pen.io,Male,85.247.216.106
818,Gonzalo,Doone,gdoonemp@google.fr,Male,86.29.128.63
819,Sloane,Edmeads,sedmeadsmq@bluehost.com,Male,236.76.214.246
820,Timothee,Twinborough,ttwinboroughmr@cnn.com,Male,110.67.70.14
821,Elias,Reimers,ereimersms@vkontakte.ru,Male,232.36.204.159
822,Meade,Giorgiutti,mgiorgiuttimt@economist.com,Male,92.50.56.222
823,Padget,Feechum,pfeechummu@ted.com,Male,228.144.3.4
824,Petunia,D'Alessio,pdalessiomv@blogs.com,Female,226.137.180.11
825,Malinde,Jenman,mjenmanmw@blogtalkradio.com,Female,96.216.86.2
826,Tootsie,Dutt,tduttmx@amazonaws.com,Genderfluid,28.254.41.224
827,Mayer,Gerrad,mgerradmy@buzzfeed.com,Male,71.78.40.114
828,Kennedy,Becket,kbecketmz@time.com,Male,91.178.37.19
829,Cloe,Rolf,crolfn0@weibo.com,Female,247.178.72.38
830,Jimmy,Mulberry,jmulberryn1@ucoz.com,Male,217.15.25.95
831,Tracie,Chevis,tchevisn2@is.gd,Female,100.204.61.94
832,Vivian,Arter,vartern3@unesco.org,Female,255.252.138.121
833,Arne,McAllen,amcallenn4@yandex.ru,Male,150.26.149.104
834,Buiron,Brasse,bbrassen5@nature.com,Male,196.76.240.242
835,Donielle,Suthworth,dsuthworthn6@smh.com.au,Female,250.151.208.210
836,Dewitt,Dockreay,ddockreayn7@tripadvisor.com,Male,245.243.193.127
837,Bennie,Cannavan,bcannavann8@umich.edu,Male,170.203.170.213
838,Ronny,Pope,rpopen9@clickbank.net,Male,231.171.124.90
839,Duky,Hentzeler,dhentzelerna@squidoo.com,Male,95.23.167.214
840,Rica,Minmagh,rminmaghnb@hugedomains.com,Female,230.254.207.71
841,Kerstin,Klimochkin,kklimochkinnc@cbc.ca,Female,250.10.82.236
842,Lorrayne,Acott,lacottnd@latimes.com,Female,71.127.33.79
843,Arlan,Ballard,aballardne@bloglines.com,Male,205.243.215.107
844,Katee,Letteresse,kletteressenf@w3.org,Female,227.136.16.210
845,Tannie,Godson,tgodsonng@clickbank.net,Male,192.49.130.124
846,Maye,Wilcocke,mwilcockenh@printfriendly.com,Female,200.3.173.110
847,Hurlee,Andryunin,handryuninni@digg.com,Male,63.225.205.61
848,Dorolisa,Volett,dvolettnj@themeforest.net,Female,200.14.148.19
849,Lucita,Bythway,lbythwaynk@google.ca,Female,37.51.244.127
850,Lyon,Stuehmeyer,lstuehmeyernl@ning.com,Male,112.4.196.227
851,Kahaleel,Mayler,kmaylernm@rambler.ru,Male,251.148.87.249
852,Deonne,Bunce,dbuncenn@blogs.com,Female,161.188.210.166
853,Julieta,Swaile,jswaileno@1688.com,Female,134.118.168.248
854,Mahmud,Domengue,mdomenguenp@creativecommons.org,Male,111.228.170.109
855,Wittie,McPeck,wmcpecknq@dell.com,Male,15.56.10.129
856,Kingsly,Hawkett,khawkettnr@imgur.com,Male,185.105.184.111
857,Matti,Mitham,mmithamns@mozilla.org,Female,161.154.8.185
858,Ophelia,Lamputt,olamputtnt@spiegel.de,Female,253.206.205.135
859,Rowen,Fury,rfurynu@quantcast.com,Male,72.25.76.51
860,Cynthia,Flanigan,cflanigannv@51.la,Female,9.230.7.33
861,Farica,Klain,fklainnw@privacy.gov.au,Female,175.167.95.46
862,Boy,Luna,blunanx@hc360.com,Male,144.52.173.128
863,Sissy,Marian,smarianny@csmonitor.com,Female,24.132.156.217
864,Gabbie,Aupol,gaupolnz@rambler.ru,Female,120.198.227.215
865,Henryetta,Pendry,hpendryo0@amazon.co.uk,Female,17.210.30.211
866,Nickolai,Shackesby,nshackesbyo1@cyberchimps.com,Male,151.206.218.174
867,Guglielma,Dallimore,gdallimoreo2@theglobeandmail.com,Female,7.219.146.177
868,Les,Wintle,lwintleo3@t.co,Male,183.110.19.92
869,Jennee,Burne,jburneo4@facebook.com,Female,33.230.107.37
870,Leigh,Gostick,lgosticko5@feedburner.com,Male,146.165.22.193
871,Hubey,Biesterfeld,hbiesterfeldo6@berkeley.edu,Male,203.8.116.139
872,Renaud,Guite,rguiteo7@gov.uk,Male,120.5.16.211
873,Clemente,Adamsson,cadamssono8@gizmodo.com,Male,105.231.255.133
874,Saudra,Pescott,spescotto9@biblegateway.com,Female,78.64.61.37
875,Willi,Riolfi,wriolfioa@g.co,Male,116.79.134.91
876,Melina,Mollitt,mmollittob@telegraph.co.uk,Female,86.129.77.167
877,Maressa,Ronci,mroncioc@pbs.org,Female,130.129.154.71
878,Falito,Ervine,fervineod@tinypic.com,Bigender,212.99.140.83
879,Garrik,Yglesias,gyglesiasoe@sohu.com,Male,158.136.79.9
880,Sibylla,Ickovici,sickoviciof@hubpages.com,Female,70.22.100.138
881,Jannelle,Hyland,jhylandog@imgur.com,Female,147.234.139.134
882,Melody,Flamank,mflamankoh@acquirethisname.com,Bigender,159.212.50.94
883,Christophe,Kurdani,ckurdanioi@myspace.com,Male,86.244.30.158
884,Katee,Kopmann,kkopmannoj@tinyurl.com,Female,179.117.105.16
885,Morry,Brockton,mbrocktonok@drupal.org,Male,74.252.66.40
886,Abran,Stuckley,astuckleyol@thetimes.co.uk,Male,67.150.241.5
887,Shamus,Aleso,salesoom@goo.ne.jp,Male,217.248.50.234
888,Haslett,Begwell,hbegwellon@epa.gov,Male,29.19.228.236
889,Alfonse,Kinzett,akinzettoo@wordpress.org,Genderfluid,159.159.110.216
890,Ariella,McBrearty,amcbreartyop@aol.com,Female,251.110.10.112
891,Moshe,Aingell,maingelloq@livejournal.com,Male,156.185.137.136
892,Garrot,Tue,gtueor@blogs.com,Male,96.41.26.33
893,Norry,Waterfield,nwaterfieldos@google.it,Female,4.185.197.95
894,Lucy,Love,lloveot@arstechnica.com,Female,40.206.148.142
895,Kerri,Shovlar,kshovlarou@ow.ly,Female,235.12.193.10
896,Jorry,Gibbings,jgibbingsov@nymag.com,Female,249.23.102.219
897,Carole,Shinefield,cshinefieldow@google.nl,Female,58.63.243.28
898,Callida,Chene,ccheneox@jugem.jp,Female,92.176.61.205
899,Red,Southerell,rsoutherelloy@cbslocal.com,Male,28.34.148.130
900,Cross,Hunnawill,chunnawilloz@sfgate.com,Male,35.62.84.135
901,Benson,Reinger,breingerp0@uiuc.edu,Male,115.42.142.33
902,Jere,Devlin,jdevlinp1@w3.org,Male,194.131.62.2
903,Darren,Boucher,dboucherp2@bloomberg.com,Male,42.66.42.157
904,Ailsun,Boarleyson,aboarleysonp3@thetimes.co.uk,Female,52.73.252.233
905,Vivyan,Clint,vclintp4@biblegateway.com,Genderfluid,51.97.87.42
906,Pier,Ashtonhurst,pashtonhurstp5@psu.edu,Female,135.43.17.140
907,Mair,Pizzie,mpizziep6@multiply.com,Female,162.227.140.249
908,Hyacintha,Peeters,hpeetersp7@economist.com,Female,23.153.217.25
909,Alysia,Kiossel,akiosselp8@utexas.edu,Female,164.25.154.252
910,Honoria,Clissell,hclissellp9@blogs.com,Female,63.147.42.52
911,Gayle,Dash,gdashpa@answers.com,Male,122.43.117.214
912,Jamal,Chomicz,jchomiczpb@whitehouse.gov,Male,151.237.235.104
913,Nicoli,Mertsching,nmertschingpc@nba.com,Female,114.195.80.43
914,Lazarus,Titcumb,ltitcumbpd@phpbb.com,Male,11.226.212.144
915,Marcille,Fuentes,mfuentespe@eepurl.com,Female,127.167.154.45
916,Electra,Lace,elacepf@google.it,Female,89.254.111.155
917,Haven,Patley,hpatleypg@ted.com,Male,31.12.111.235
918,Rayshell,Auletta,raulettaph@craigslist.org,Female,230.65.23.191
919,Seumas,Calafate,scalafatepi@123-reg.co.uk,Male,58.31.95.230
920,Desirae,Claxton,dclaxtonpj@vkontakte.ru,Female,138.150.60.26
921,Richy,Duer,rduerpk@jalbum.net,Male,176.22.150.139
922,Jean,Steedman,jsteedmanpl@stanford.edu,Male,89.26.46.167
923,Elora,Sidsaff,esidsaffpm@jugem.jp,Female,28.203.172.0
924,Tabitha,Powder,tpowderpn@oracle.com,Female,67.244.223.23
925,Franny,O'Garmen,fogarmenpo@cdbaby.com,Female,228.30.181.118
926,Bowie,Beche,bbechepp@geocities.com,Male,32.193.222.6
927,Bibby,Wormell,bwormellpq@clickbank.net,Polygender,252.241.142.119
928,Basia,MacMeeking,bmacmeekingpr@google.nl,Female,76.115.118.109
929,Courtenay,Francescoccio,cfrancescocciops@qq.com,Female,150.83.210.243
930,Leta,Hazley,lhazleypt@webs.com,Agender,181.29.58.245
931,Matthieu,Slatten,mslattenpu@usnews.com,Male,100.93.195.111
932,Marchelle,Moodie,mmoodiepv@miibeian.gov.cn,Female,52.153.249.36
933,Christabella,Cussons,ccussonspw@pen.io,Female,17.109.24.6
934,Eldredge,Renowden,erenowdenpx@wix.com,Male,114.208.37.238
935,Seumas,Fromont,sfromontpy@quantcast.com,Male,8.51.219.76
936,Walliw,Mullinder,wmullinderpz@hhs.gov,Non-binary,116.149.7.151
937,Karlyn,Onion,konionq0@vinaora.com,Female,240.168.21.154
938,Sigmund,Dayes,sdayesq1@boston.com,Male,197.58.209.233
939,Iago,Clawley,iclawleyq2@creativecommons.org,Bigender,83.20.168.56
940,Jeno,Blatherwick,jblatherwickq3@businessweek.com,Male,165.82.20.201
941,Horton,Willimont,hwillimontq4@wisc.edu,Male,54.210.22.5
942,Brena,Eddy,beddyq5@studiopress.com,Female,162.60.115.104
943,Persis,Ambler,pamblerq6@toplist.cz,Female,11.190.102.249
944,Dorie,Swadlin,dswadlinq7@zdnet.com,Female,166.110.95.212
945,Bengt,Philipeau,bphilipeauq8@ucsd.edu,Male,146.76.101.246
946,Chiarra,Impson,cimpsonq9@flavors.me,Agender,160.67.99.133
947,Maddie,Jeary,mjearyqa@miibeian.gov.cn,Male,121.220.78.215
948,Kahlil,Stirzaker,kstirzakerqb@xinhuanet.com,Male,177.14.252.249
949,Evonne,Rosario,erosarioqc@vinaora.com,Female,246.164.66.144
950,Hector,Trainor,htrainorqd@canalblog.com,Male,133.36.110.104
951,Donnell,Spondley,dspondleyqe@joomla.org,Male,5.106.117.145
952,Frankie,Drinkall,fdrinkallqf@dagondesign.com,Male,132.153.164.163
953,Merv,Asche,mascheqg@theglobeandmail.com,Bigender,26.5.33.151
954,Everett,Imms,eimmsqh@theatlantic.com,Male,120.151.22.137
955,Daphene,Amott,damottqi@pagesperso-orange.fr,Female,175.222.63.103
956,Keslie,McWhirter,kmcwhirterqj@vistaprint.com,Female,139.230.186.51
957,Lewiss,McGowan,lmcgowanqk@opensource.org,Male,172.23.75.146
958,Allin,De Marchi,ademarchiql@reverbnation.com,Male,27.13.216.5
959,Chloette,Bru,cbruqm@ibm.com,Female,69.11.93.253
960,Ruddie,Darte,rdarteqn@prnewswire.com,Male,150.50.32.82
961,Vincenty,Colmer,vcolmerqo@businessweek.com,Male,6.78.149.89
962,Kynthia,Symms,ksymmsqp@state.gov,Genderqueer,163.178.102.81
963,Brana,O'Heagertie,boheagertieqq@surveymonkey.com,Female,140.23.53.55
964,Oralie,Grube,ogrubeqr@alexa.com,Female,62.59.84.222
965,Gunilla,Caro,gcaroqs@go.com,Female,19.34.181.32
966,Brianna,Featherstonhaugh,bfeatherstonhaughqt@fc2.com,Female,112.58.93.173
967,Delainey,Scroggins,dscrogginsqu@state.gov,Male,190.111.196.208
968,Laney,Mutch,lmutchqv@fema.gov,Agender,26.195.183.220
969,Wilfrid,Praundl,wpraundlqw@gov.uk,Male,220.110.224.32
970,Steve,Polgreen,spolgreenqx@merriam-webster.com,Male,41.64.64.206
971,Mufi,Dubber,mdubberqy@de.vu,Female,205.253.10.161
972,Kalli,Rudman,krudmanqz@nhs.uk,Female,106.179.84.137
973,Ilaire,De Cruce,idecrucer0@irs.gov,Male,26.208.199.148
974,Adan,Hammand,ahammandr1@auda.org.au,Female,165.97.30.129
975,Kim,Bonavia,kbonaviar2@usnews.com,Male,189.57.125.179
976,Kassia,Keveren,kkeverenr3@mapy.cz,Female,173.87.185.151
977,Nappie,Mackelworth,nmackelworthr4@etsy.com,Male,235.93.212.14
978,Joly,Brushneen,jbrushneenr5@twitter.com,Female,162.241.171.49
979,Barnebas,O'Logan,bologanr6@themeforest.net,Male,235.94.199.198
980,Rosemarie,Beagin,rbeaginr7@opera.com,Female,98.27.12.18
981,Pavla,Preskett,ppreskettr8@github.io,Genderqueer,77.78.46.6
982,Lothaire,Peasey,lpeaseyr9@java.com,Male,232.248.152.64
983,Bordie,Heino,bheinora@reuters.com,Male,66.55.37.243
984,Levy,Stedall,lstedallrb@fda.gov,Male,21.22.69.125
985,Rhoda,Pannett,rpannettrc@com.com,Female,87.104.137.6
986,Petronille,Purvis,ppurvisrd@blogspot.com,Female,127.219.213.84
987,Justin,Dupree,jdupreere@woothemes.com,Male,114.57.16.147
988,Brock,Brosini,bbrosinirf@soup.io,Male,202.91.8.210
989,Annis,Rydings,arydingsrg@tinyurl.com,Female,8.54.122.140
990,Salaidh,Goodfellowe,sgoodfellowerh@japanpost.jp,Female,86.125.144.93
991,Barris,Pratten,bprattenri@chicagotribune.com,Male,11.4.26.163
992,Darill,Tissell,dtissellrj@stumbleupon.com,Non-binary,35.22.229.109
993,Eveline,Simeonov,esimeonovrk@taobao.com,Female,92.65.36.63
994,Jeanine,Muschette,jmuschetterl@example.com,Genderqueer,142.112.126.80
995,Travis,Lott,tlottrm@pbs.org,Male,207.37.107.102
996,Robinson,Battill,rbattillrn@moonfruit.com,Male,176.27.9.106
997,Aldis,Adenot,aadenotro@wunderground.com,Male,252.60.236.147
998,Jessee,Pidgley,jpidgleyrp@weather.com,Male,213.81.82.103
999,Enriqueta,Postlewhite,epostlewhiterq@google.pl,Non-binary,79.114.213.117
1000,Alessandro,Sharrock,asharrockrr@t-online.de,Polygender,16.33.64.134
