id,first_name,last_name,email,gender,ip_address
1,Ivory,Pottinger,ipottinger0@zimbio.com,Bigender,90.247.69.156
2,Eileen,Dionsetto,edionsetto1@pbs.org,Bigender,248.93.3.183
3,Petronilla,Vautre,pvautre2@pinterest.com,Polygender,173.74.112.146
4,Sheilah,Edelheit,sedelheit3@barnesandnoble.com,Female,229.78.92.247
5,Karin,Riggoll,kriggoll4@creativecommons.org,Agender,117.69.56.63
6,Lilllie,Ambrosoni,lambrosoni5@ezinearticles.com,Agender,202.36.185.127
7,Brita,Wawer,bwawer6@livejournal.com,Bigender,151.178.47.77
8,Winnie,Peatheyjohns,wpeatheyjohns7@studiopress.com,Genderfluid,231.57.88.91
9,Rufus,Winsor,rwinsor8@friendfeed.com,Male,35.177.103.12
10,Terrence,Chater,tchater9@canalblog.com,Agender,9.62.15.132
11,Meryl,Nafziger,mnafzigera@cyberchimps.com,Non-binary,188.52.142.122
12,Fransisco,Caton,fcatonb@kickstarter.com,Agender,105.123.118.213
13,Yevette,Elland,yellandc@macromedia.com,Polygender,214.222.104.157
14,Taylor,Oliver-Paull,toliverpaulld@paypal.com,Female,121.254.88.194
15,Audi,Liebermann,aliebermanne@wsj.com,Genderfluid,220.72.84.41
16,Hanan,Stancliffe,hstancliffef@networksolutions.com,Bigender,140.221.187.77
17,Laurence,Matteucci,lmatteuccig@barnesandnoble.com,Non-binary,247.183.15.220
18,Svend,Klossmann,sklossmannh@auda.org.au,Genderfluid,167.4.245.164
19,Ally,Mustard,amustardi@example.com,Polygender,108.48.244.195
20,Neille,McLenahan,nmclenahanj@zimbio.com,Male,75.35.21.235
21,Joletta,Stinson,jstinsonk@disqus.com,Genderfluid,142.24.236.228
22,Danica,Mulvihill,dmulvihilll@bizjournals.com,Male,198.203.51.191
23,Nanni,Gosnell,ngosnellm@ucsd.edu,Bigender,95.46.89.53
24,Vladamir,Ivel,viveln@vk.com,Bigender,1.126.130.69
25,Elora,Boorne,eboorneo@blogtalkradio.com,Male,27.10.223.61
26,Olag,Sillwood,osillwoodp@youtube.com,Agender,195.64.102.104
27,Nilson,Alenichicov,nalenichicovq@utexas.edu,Polygender,221.251.50.195
28,Caryl,Sigmund,csigmundr@europa.eu,Female,248.145.123.55
29,Devonne,Letchford,dletchfords@cbc.ca,Genderqueer,122.140.223.118
30,Pernell,Zorn,pzornt@go.com,Female,197.221.115.217
31,Abbott,Joules,ajoulesu@csmonitor.com,Polygender,55.151.181.78
32,Euphemia,Ambrogini,eambroginiv@shutterfly.com,Agender,92.142.199.171
33,Chelsie,Faull,cfaullw@tamu.edu,Genderfluid,67.149.254.184
34,Sapphira,Franseco,sfransecox@salon.com,Male,187.72.25.126
35,Elsi,O'Grada,eograday@meetup.com,Male,172.171.238.67
36,Gwenni,Mulhall,gmulhallz@mozilla.org,Bigender,197.140.111.24
37,Napoleon,Belfield,nbelfield10@virginia.edu,Genderfluid,8.88.241.173
38,Cortney,Gomersal,cgomersal11@istockphoto.com,Female,18.141.55.32
39,Sutherland,Lawday,slawday12@about.me,Agender,178.53.28.100
40,Murdock,Roofe,mroofe13@sogou.com,Bigender,120.214.60.160
41,Gerladina,Meni,gmeni14@youtu.be,Genderqueer,196.248.158.5
42,Rhianon,De Benedictis,rdebenedictis15@adobe.com,Agender,88.254.184.94
43,Melisandra,Van der Mark,mvandermark16@independent.co.uk,Genderfluid,118.246.202.185
44,Nicolina,Brownbill,nbrownbill17@nydailynews.com,Female,250.252.185.231
45,Koo,Bernholt,kbernholt18@usatoday.com,Genderqueer,207.61.187.158
46,Micah,Fones,mfones19@usgs.gov,Polygender,101.24.127.227
47,Kora,O'Carran,kocarran1a@freewebs.com,Polygender,137.66.102.90
48,Jamie,Rowlett,jrowlett1b@ihg.com,Non-binary,57.34.245.110
49,Guido,Kinnier,gkinnier1c@example.com,Agender,137.235.159.9
50,Joly,Ney,jney1d@ucla.edu,Polygender,242.185.56.71
51,Tommi,Quittonden,tquittonden1e@google.co.jp,Male,241.211.184.102
52,Zita,Kneeland,zkneeland1f@is.gd,Non-binary,50.206.10.177
53,Jolynn,Maxweell,jmaxweell1g@springer.com,Genderfluid,62.172.144.210
54,Ashlen,Ervin,aervin1h@state.gov,Male,199.198.236.85
55,Christoper,Filkin,cfilkin1i@cbc.ca,Bigender,53.60.153.78
56,Guillaume,Hansard,ghansard1j@de.vu,Genderqueer,50.16.145.91
57,Boony,Tumilson,btumilson1k@topsy.com,Bigender,28.50.214.29
58,Shana,MacGhee,smacghee1l@si.edu,Genderfluid,181.134.68.182
59,Carmela,Conti,cconti1m@mediafire.com,Agender,162.134.15.231
60,Braden,Felgat,bfelgat1n@oaic.gov.au,Female,90.207.178.149
61,Tommy,Worden,tworden1o@mit.edu,Bigender,27.234.101.216
62,Felike,Sunter,fsunter1p@blog.com,Genderqueer,134.129.244.95
63,Phillida,Deerr,pdeerr1q@webs.com,Polygender,176.244.8.126
64,Meryl,Jiroudek,mjiroudek1r@admin.ch,Polygender,48.180.160.128
65,Pammy,Durrington,pdurrington1s@timesonline.co.uk,Female,238.218.99.161
66,Victoir,Vasyagin,vvasyagin1t@huffingtonpost.com,Bigender,246.141.167.140
67,Joli,Bartoloma,jbartoloma1u@sourceforge.net,Bigender,194.191.34.114
68,Hyman,Ligertwood,hligertwood1v@example.com,Genderqueer,16.160.244.197
69,Rosmunda,Orans,rorans1w@histats.com,Bigender,85.42.75.70
70,Fredek,Cripin,fcripin1x@simplemachines.org,Genderqueer,89.158.205.29
71,Alister,Hummerston,ahummerston1y@pinterest.com,Agender,35.114.194.184
72,Tamarra,Danskine,tdanskine1z@fda.gov,Polygender,233.192.41.95
73,Chester,Romao,cromao20@woothemes.com,Genderqueer,47.249.117.233
74,Zed,Ewing,zewing21@earthlink.net,Polygender,49.7.229.92
75,Anabal,Kilban,akilban22@thetimes.co.uk,Bigender,230.207.90.58
76,Nerte,Janeczek,njaneczek23@si.edu,Non-binary,214.193.80.33
77,Zed,Sherwill,zsherwill24@over-blog.com,Genderqueer,204.237.140.230
78,Karl,Torvey,ktorvey25@addthis.com,Female,6.135.80.121
79,Ashlin,Blonden,ablonden26@nasa.gov,Genderfluid,248.10.64.56
80,Gamaliel,Pallaske,gpallaske27@youku.com,Non-binary,9.150.163.169
81,Nettle,Vernazza,nvernazza28@arizona.edu,Male,63.62.207.203
82,Walton,Sabine,wsabine29@virginia.edu,Polygender,46.182.161.101
83,Lemar,Reeder,lreeder2a@squarespace.com,Polygender,60.182.123.47
84,Meade,Di Filippo,mdifilippo2b@yellowbook.com,Genderqueer,191.94.163.188
85,Miguelita,Durkin,mdurkin2c@epa.gov,Genderqueer,217.73.171.118
86,Wendell,Heinritz,wheinritz2d@go.com,Genderfluid,15.188.60.66
87,Kamilah,Lundbeck,klundbeck2e@networkadvertising.org,Agender,152.19.167.233
88,Hadlee,Fendley,hfendley2f@scientificamerican.com,Bigender,209.5.132.207
89,Cate,Symmers,csymmers2g@pagesperso-orange.fr,Polygender,157.253.59.4
90,Donnajean,Linebarger,dlinebarger2h@cbc.ca,Polygender,97.60.21.108
91,Bennett,McSwan,bmcswan2i@cam.ac.uk,Female,51.52.171.51
92,Stanislaw,Gray,sgray2j@upenn.edu,Agender,125.214.103.12
93,Chick,Cunniam,ccunniam2k@wix.com,Polygender,241.75.195.210
94,Donny,Gircke,dgircke2l@yale.edu,Female,78.142.188.148
95,Arlena,Freckingham,afreckingham2m@va.gov,Genderfluid,255.137.243.168
96,Calv,Farre,cfarre2n@netlog.com,Non-binary,209.132.189.184
97,Allard,Minichi,aminichi2o@posterous.com,Non-binary,79.242.73.28
98,Crysta,Ridehalgh,cridehalgh2p@independent.co.uk,Bigender,250.253.59.158
99,Mada,Leveridge,mleveridge2q@google.fr,Genderqueer,113.213.251.159
100,Estevan,Tissier,etissier2r@yahoo.co.jp,Non-binary,247.51.73.31
101,Kath,Spellman,kspellman2s@bigcartel.com,Male,51.210.161.103
102,Rikki,Charnick,rcharnick2t@multiply.com,Agender,62.113.56.251
103,Agace,Arnow,aarnow2u@youtu.be,Female,154.21.25.101
104,Mirilla,Stebles,mstebles2v@lulu.com,Genderqueer,248.137.250.5
105,Nicki,Henriquet,nhenriquet2w@go.com,Polygender,167.86.105.167
106,Audrey,Gatley,agatley2x@apache.org,Genderqueer,112.253.140.240
107,Melinde,Pancast,mpancast2y@amazon.co.jp,Genderqueer,202.10.41.154
108,Stacee,Fortin,sfortin2z@hugedomains.com,Genderfluid,112.12.248.59
109,Wandis,Benjamin,wbenjamin30@dot.gov,Agender,222.27.192.176
110,Mayer,Dockree,mdockree31@seattletimes.com,Genderfluid,230.30.115.166
111,Andria,Caygill,acaygill32@networksolutions.com,Genderfluid,66.76.118.73
112,Kort,Soames,ksoames33@alibaba.com,Non-binary,241.115.83.202
113,Esteban,Itzkovici,eitzkovici34@merriam-webster.com,Genderfluid,172.241.5.72
114,Chrystel,Benfield,cbenfield35@latimes.com,Bigender,245.229.108.113
115,Margaretha,Boyett,mboyett36@forbes.com,Genderfluid,65.46.14.200
116,Briney,Whettleton,bwhettleton37@list-manage.com,Agender,231.138.146.221
117,Joey,Trolley,jtrolley38@livejournal.com,Polygender,158.241.153.242
118,Vito,Shillom,vshillom39@com.com,Agender,10.197.176.128
119,Massimo,Lutwyche,mlutwyche3a@fastcompany.com,Polygender,180.181.209.113
120,Yul,Royl,yroyl3b@cbslocal.com,Genderfluid,36.63.100.72
121,Hunt,Escott,hescott3c@admin.ch,Bigender,155.252.19.202
122,Van,McKeller,vmckeller3d@live.com,Female,95.228.223.123
123,Elias,ducarme,educarme3e@prnewswire.com,Male,42.11.198.139
124,Benedetto,McEvon,bmcevon3f@youku.com,Bigender,56.67.214.233
125,Kimble,Lyddyard,klyddyard3g@nhs.uk,Agender,64.194.241.33
126,Brose,Bank,bbank3h@free.fr,Bigender,135.48.32.146
127,D'arcy,Server,dserver3i@nasa.gov,Female,50.190.244.70
128,Filberte,Vitet,fvitet3j@github.io,Male,67.205.4.40
129,Zacherie,Francescotti,zfrancescotti3k@princeton.edu,Male,172.198.135.186
130,Dulcine,Langdon,dlangdon3l@ucoz.ru,Genderfluid,185.242.8.215
131,Maurits,Sleet,msleet3m@ebay.com,Agender,163.52.53.214
132,Loy,Mays,lmays3n@dmoz.org,Agender,98.178.42.88
133,Nicolais,Capsey,ncapsey3o@deviantart.com,Polygender,254.14.192.57
134,Davis,Camelin,dcamelin3p@microsoft.com,Bigender,251.133.36.80
135,Beverlee,Koppens,bkoppens3q@spiegel.de,Polygender,215.19.195.204
136,Burty,Carvilla,bcarvilla3r@goo.ne.jp,Genderqueer,243.45.203.241
137,Vail,Celle,vcelle3s@google.ca,Genderqueer,110.107.170.135
138,Titus,Garham,tgarham3t@reverbnation.com,Male,139.216.228.245
139,Welbie,Baldacchi,wbaldacchi3u@flickr.com,Genderqueer,182.34.69.193
140,Riane,Imlock,rimlock3v@mlb.com,Genderfluid,103.38.49.111
141,Pattie,Janout,pjanout3w@bloglovin.com,Male,244.104.111.134
142,Franciska,Wittman,fwittman3x@nyu.edu,Polygender,250.108.222.60
143,Shawn,Twine,stwine3y@msu.edu,Agender,166.21.137.82
144,Lois,De Zuani,ldezuani3z@noaa.gov,Polygender,19.41.117.2
145,Elinor,Emlin,eemlin40@issuu.com,Non-binary,154.3.159.183
146,Eda,Jans,ejans41@yale.edu,Male,40.147.146.77
147,Joceline,Ferguson,jferguson42@zdnet.com,Male,58.163.4.216
148,Trenna,Rottger,trottger43@bloglines.com,Female,250.50.220.19
149,Tami,Gulvin,tgulvin44@sphinn.com,Female,15.179.162.33
150,Marjorie,Cheer,mcheer45@craigslist.org,Polygender,28.66.246.135
151,Dukey,Lorenzini,dlorenzini46@technorati.com,Genderqueer,34.65.8.113
152,Helaine,Owenson,howenson47@tripadvisor.com,Female,218.179.56.24
153,Stevana,Caulier,scaulier48@nih.gov,Genderqueer,159.128.73.162
154,Sly,Bartolommeo,sbartolommeo49@instagram.com,Non-binary,201.117.143.213
155,Anya,Tatterton,atatterton4a@blogtalkradio.com,Male,176.158.116.54
156,Randal,Ceschi,rceschi4b@marketwatch.com,Male,223.142.129.152
157,Hadley,Romei,hromei4c@ask.com,Non-binary,132.213.66.19
158,Adan,Flooks,aflooks4d@npr.org,Female,216.158.124.129
159,Zeke,Marielle,zmarielle4e@webs.com,Bigender,216.158.229.159
160,De witt,Girkin,dgirkin4f@accuweather.com,Bigender,23.127.221.195
161,Caryn,Bleasdille,cbleasdille4g@feedburner.com,Male,97.84.200.206
162,Reeba,Kerss,rkerss4h@twitpic.com,Genderfluid,84.26.42.4
163,Sid,Edington,sedington4i@prlog.org,Genderqueer,78.180.149.131
164,Melisa,Clive,mclive4j@pcworld.com,Female,218.17.117.108
165,Fanchette,Ilyinski,filyinski4k@php.net,Non-binary,95.62.25.252
166,Catie,Titheridge,ctitheridge4l@timesonline.co.uk,Male,228.185.188.247
167,Bernardo,Downham,bdownham4m@wikispaces.com,Agender,7.253.76.205
168,Horatius,Shirley,hshirley4n@simplemachines.org,Bigender,93.205.243.20
169,Frazer,Maciejak,fmaciejak4o@umich.edu,Agender,198.82.245.113
170,Aluino,Cockroft,acockroft4p@163.com,Agender,82.12.34.50
171,Felicio,Bocken,fbocken4q@pagesperso-orange.fr,Genderqueer,3.211.58.120
172,Dedra,Geeritz,dgeeritz4r@hao123.com,Female,126.168.127.78
173,Sybyl,Vardon,svardon4s@cbc.ca,Bigender,99.2.140.103
174,Mela,Burley,mburley4t@amazonaws.com,Genderqueer,62.238.170.96
175,Dirk,Mobbs,dmobbs4u@dion.ne.jp,Bigender,178.186.36.137
176,Salomo,Brandom,sbrandom4v@stumbleupon.com,Male,55.208.0.159
177,Sullivan,Jeanin,sjeanin4w@gmpg.org,Female,223.239.245.181
178,Arlana,Du Fray,adufray4x@blogger.com,Genderfluid,168.102.201.111
179,Wheeler,Philippeaux,wphilippeaux4y@psu.edu,Polygender,217.96.191.68
180,Tuesday,Fundell,tfundell4z@mozilla.org,Genderfluid,51.122.110.228
181,Hillary,Dickon,hdickon50@example.com,Non-binary,235.47.102.126
182,Constantina,Malster,cmalster51@mashable.com,Agender,164.236.106.38
183,Tobi,Parr,tparr52@merriam-webster.com,Polygender,244.208.44.65
184,Flor,Kitchen,fkitchen53@biblegateway.com,Non-binary,12.148.188.206
185,Clari,Spinella,cspinella54@mayoclinic.com,Genderfluid,1.196.169.129
186,Warren,Dreakin,wdreakin55@columbia.edu,Genderqueer,124.153.192.12
187,Farand,Fryett,ffryett56@php.net,Bigender,187.255.224.223
188,Alejandrina,Beange,abeange57@sakura.ne.jp,Non-binary,27.214.45.136
189,Antonie,Beldom,abeldom58@parallels.com,Female,6.46.16.220
190,Davey,Lapslie,dlapslie59@purevolume.com,Female,184.189.252.97
191,Bernarr,Millom,bmillom5a@blogs.com,Genderqueer,216.114.141.107
192,Padraic,Doey,pdoey5b@imdb.com,Genderqueer,149.159.39.228
193,Hadlee,Agnolo,hagnolo5c@washington.edu,Polygender,123.155.120.68
194,Lind,Vanshin,lvanshin5d@bluehost.com,Female,184.76.121.207
195,Bram,Reek,breek5e@mapy.cz,Genderqueer,106.143.98.202
196,Mariejeanne,Ledford,mledford5f@imgur.com,Bigender,179.245.139.109
197,Robinetta,Hoyes,rhoyes5g@about.com,Female,217.197.48.241
198,Barr,Pearton,bpearton5h@ftc.gov,Non-binary,2.241.177.188
199,Conway,Eichmann,ceichmann5i@nhs.uk,Bigender,164.202.44.103
200,Giselbert,Corson,gcorson5j@over-blog.com,Female,165.24.205.61
201,Stefa,Rutt,srutt5k@drupal.org,Genderqueer,243.203.48.196
202,Mehetabel,Mathias,mmathias5l@linkedin.com,Agender,103.51.43.40
203,Essa,Westoll,ewestoll5m@nature.com,Male,161.250.51.187
204,Tiebout,Segeswoeth,tsegeswoeth5n@cnbc.com,Genderfluid,179.247.161.120
205,Ethelda,Hinks,ehinks5o@epa.gov,Polygender,200.57.163.239
206,Noemi,Connerry,nconnerry5p@indiegogo.com,Bigender,169.204.65.124
207,Larisa,Masserel,lmasserel5q@meetup.com,Bigender,151.60.27.104
208,Cristabel,Menco,cmenco5r@aol.com,Polygender,123.191.205.28
209,Eleonore,Meade,emeade5s@indiatimes.com,Genderqueer,11.120.25.222
210,Clint,Gooders,cgooders5t@biblegateway.com,Genderfluid,18.55.150.69
211,Kristi,McCusker,kmccusker5u@sogou.com,Male,15.20.15.99
212,Bourke,Molen,bmolen5v@quantcast.com,Genderfluid,42.34.5.82
213,Deloris,Palphreyman,dpalphreyman5w@odnoklassniki.ru,Female,8.74.75.193
214,Tanya,Huggons,thuggons5x@ox.ac.uk,Genderqueer,74.118.159.246
215,Berna,Burghall,bburghall5y@uiuc.edu,Non-binary,247.10.155.195
216,Mariel,Reddish,mreddish5z@alexa.com,Genderqueer,52.47.178.158
217,Dorette,Vanichkov,dvanichkov60@soup.io,Genderfluid,87.159.244.93
218,Olag,Varnes,ovarnes61@amazonaws.com,Bigender,131.65.15.192
219,Olivie,Trivett,otrivett62@ca.gov,Female,190.173.218.116
220,Standford,Malin,smalin63@friendfeed.com,Non-binary,252.101.44.242
221,Florella,Denny,fdenny64@slideshare.net,Agender,225.144.215.27
222,Braden,Piggen,bpiggen65@msu.edu,Polygender,178.153.29.35
223,Clarke,Crock,ccrock66@netvibes.com,Agender,127.19.19.71
224,Liam,McEneny,lmceneny67@barnesandnoble.com,Female,248.229.133.108
225,Othilie,Vaulkhard,ovaulkhard68@upenn.edu,Male,61.27.95.171
226,Zane,Praton,zpraton69@usa.gov,Female,36.97.220.106
227,Ezri,Sapwell,esapwell6a@yolasite.com,Genderqueer,134.78.185.253
228,Prentice,Marvel,pmarvel6b@i2i.jp,Bigender,203.111.102.119
229,Lockwood,Aronstam,laronstam6c@ezinearticles.com,Non-binary,163.246.170.147
230,Maura,Kinset,mkinset6d@bandcamp.com,Agender,246.27.113.69
231,Lucia,Bowshire,lbowshire6e@ifeng.com,Male,53.140.66.3
232,Donielle,Spears,dspears6f@unesco.org,Male,121.111.111.145
233,Luci,Whieldon,lwhieldon6g@vkontakte.ru,Genderfluid,71.73.95.180
234,Alessandra,Meriet,ameriet6h@vistaprint.com,Non-binary,179.33.83.77
235,Sammy,Elvish,selvish6i@prlog.org,Genderqueer,146.184.217.96
236,Adrian,Bortolini,abortolini6j@bing.com,Genderqueer,241.104.236.98
237,Monro,Cadden,mcadden6k@intel.com,Genderfluid,166.17.85.136
238,Elke,Gregolotti,egregolotti6l@nasa.gov,Female,157.189.112.222
239,Byrle,Odams,bodams6m@yellowbook.com,Bigender,115.103.198.211
240,Jaine,Glusby,jglusby6n@bravesites.com,Genderqueer,27.70.51.137
241,Sallyanne,Struttman,sstruttman6o@clickbank.net,Polygender,241.181.29.14
242,Rolfe,Wharfe,rwharfe6p@theguardian.com,Male,135.107.106.152
243,Osmond,Bessett,obessett6q@scribd.com,Female,167.42.232.34
244,Nathalie,Candish,ncandish6r@mediafire.com,Genderfluid,212.5.226.251
245,Thor,Thomke,tthomke6s@auda.org.au,Genderqueer,171.187.187.80
246,Carol,McCormack,cmccormack6t@narod.ru,Female,76.221.178.244
247,Nancy,Etches,netches6u@photobucket.com,Bigender,62.38.216.177
248,Rudolfo,Stiell,rstiell6v@accuweather.com,Agender,46.171.222.246
249,Olin,Granleese,ogranleese6w@amazon.co.uk,Non-binary,60.30.253.42
250,Jarrod,Corson,jcorson6x@google.ca,Female,21.164.97.103
251,Adella,Itzakovitz,aitzakovitz6y@delicious.com,Non-binary,18.79.155.220
252,Gerek,Devonport,gdevonport6z@archive.org,Genderfluid,234.121.229.81
253,Matteo,Plester,mplester70@altervista.org,Bigender,149.166.28.227
254,Mitzi,Sings,msings71@bloglovin.com,Genderqueer,226.2.54.118
255,Judy,Mounce,jmounce72@xrea.com,Non-binary,182.178.199.95
256,Randee,Van der Spohr,rvanderspohr73@goodreads.com,Male,134.35.229.73
257,Ryann,Brehat,rbrehat74@qq.com,Genderfluid,16.110.167.240
258,Merrile,Dalgliesh,mdalgliesh75@tripadvisor.com,Agender,202.253.2.209
259,Boris,Pull,bpull76@ed.gov,Polygender,218.38.216.15
260,Alfy,Steiner,asteiner77@wix.com,Non-binary,78.84.236.47
261,Stafford,Jatczak,sjatczak78@yelp.com,Genderqueer,100.17.163.158
262,Margeaux,Paulus,mpaulus79@blogtalkradio.com,Non-binary,10.74.5.59
263,Gilberta,Kybbye,gkybbye7a@amazon.co.uk,Agender,89.19.187.114
264,Garv,Scraney,gscraney7b@nps.gov,Genderqueer,13.58.53.50
265,Jenelle,Cowley,jcowley7c@cdc.gov,Bigender,90.124.19.73
266,Elvera,Kleinsmuntz,ekleinsmuntz7d@un.org,Non-binary,252.21.186.81
267,Florette,Deverose,fdeverose7e@mit.edu,Male,32.239.187.80
268,Millicent,Westphalen,mwestphalen7f@answers.com,Genderqueer,248.92.188.162
269,Carlie,Woller,cwoller7g@pen.io,Female,201.96.43.203
270,Margy,Iannetti,miannetti7h@aboutads.info,Non-binary,88.33.239.249
271,Saree,Tommis,stommis7i@g.co,Genderqueer,60.13.223.254
272,Helenelizabeth,Baverstock,hbaverstock7j@slate.com,Non-binary,34.67.78.119
273,Perl,McKay,pmckay7k@si.edu,Male,232.120.4.160
274,Odille,McCullum,omccullum7l@yellowbook.com,Female,246.141.59.146
275,Fidel,Rands,frands7m@delicious.com,Non-binary,226.255.17.213
276,Pebrook,Croft,pcroft7n@wikia.com,Male,250.135.196.73
277,Agatha,Bricket,abricket7o@omniture.com,Female,151.98.166.96
278,Marina,Hearty,mhearty7p@creativecommons.org,Female,30.26.226.97
279,Del,Charters,dcharters7q@hp.com,Genderqueer,174.163.79.81
280,Eryn,Kendal,ekendal7r@nsw.gov.au,Genderfluid,182.214.250.22
281,Felipe,Delagnes,fdelagnes7s@multiply.com,Non-binary,109.120.54.130
282,Estell,Hopkins,ehopkins7t@squarespace.com,Genderqueer,165.12.5.75
283,Donelle,Judkins,djudkins7u@linkedin.com,Agender,228.204.76.169
284,Coop,Slocomb,cslocomb7v@mail.ru,Bigender,163.14.30.214
285,Pier,Stoyell,pstoyell7w@4shared.com,Genderfluid,78.62.84.155
286,Giraud,Geldart,ggeldart7x@mysql.com,Male,195.129.23.250
287,Ophelia,Fassbender,ofassbender7y@apache.org,Genderfluid,151.146.19.249
288,Christoph,Nunson,cnunson7z@businessweek.com,Genderqueer,237.27.130.69
289,Farah,Clemes,fclemes80@oaic.gov.au,Non-binary,58.217.193.181
290,Syman,Elwell,selwell81@flickr.com,Female,183.225.170.117
291,Bertram,Heeps,bheeps82@quantcast.com,Non-binary,161.228.173.1
292,Courtney,Grodden,cgrodden83@blog.com,Agender,236.57.160.68
293,Sarene,McCafferky,smccafferky84@abc.net.au,Female,4.33.29.254
294,Delmor,Hallas,dhallas85@washingtonpost.com,Female,155.22.116.177
295,Adair,Ribou,aribou86@mac.com,Genderqueer,202.137.94.158
296,Kailey,Clew,kclew87@msu.edu,Male,15.33.220.2
297,Ree,Dray,rdray88@google.cn,Bigender,160.23.177.8
298,Sanson,Sayles,ssayles89@uiuc.edu,Agender,230.168.235.122
299,Hamid,Scroggie,hscroggie8a@blogspot.com,Polygender,79.220.6.137
300,Betta,Scimonelli,bscimonelli8b@princeton.edu,Genderqueer,12.137.236.192
301,Justin,Yurukhin,jyurukhin8c@wikipedia.org,Genderqueer,75.175.6.46
302,Erin,Riddler,eriddler8d@mac.com,Bigender,112.60.172.155
303,Farand,Wilber,fwilber8e@quantcast.com,Non-binary,145.162.67.241
304,Luz,Tilney,ltilney8f@t-online.de,Polygender,166.93.99.81
305,Kissee,Grog,kgrog8g@imdb.com,Genderqueer,199.140.173.184
306,Elfreda,Aguirrezabala,eaguirrezabala8h@blogger.com,Male,162.97.106.158
307,Robinett,Willerson,rwillerson8i@toplist.cz,Genderfluid,12.137.137.68
308,Ardra,Billingsly,abillingsly8j@forbes.com,Genderfluid,201.210.115.242
309,Waylon,Baggiani,wbaggiani8k@ftc.gov,Non-binary,200.46.96.92
310,Bearnard,Kalderon,bkalderon8l@pen.io,Genderqueer,120.126.6.104
311,Ferris,Jesty,fjesty8m@indiegogo.com,Male,141.193.139.213
312,Catlin,Hrishchenko,chrishchenko8n@ucoz.ru,Agender,67.82.157.219
313,Husain,Beauchamp,hbeauchamp8o@cdbaby.com,Agender,165.245.57.45
314,Hortense,Gripton,hgripton8p@jiathis.com,Non-binary,4.180.244.216
315,Jennilee,Lush,jlush8q@reference.com,Bigender,83.114.144.56
316,Irwin,Surmeir,isurmeir8r@com.com,Bigender,96.31.58.182
317,Sanford,Kingwell,skingwell8s@indiegogo.com,Genderqueer,220.236.183.154
318,Blinny,Merrywether,bmerrywether8t@sbwire.com,Agender,168.126.72.86
319,Ulises,Dalligan,udalligan8u@indiegogo.com,Bigender,74.228.210.111
320,Malissa,Zini,mzini8v@weebly.com,Non-binary,98.7.34.167
321,Junina,Melrose,jmelrose8w@theguardian.com,Female,180.7.114.8
322,Carlynn,Sloyan,csloyan8x@mail.ru,Male,205.104.18.41
323,Jeffy,McDonogh,jmcdonogh8y@google.ru,Non-binary,210.227.251.84
324,Carie,McMarquis,cmcmarquis8z@icq.com,Male,140.2.112.42
325,Rafaellle,Hearns,rhearns90@webmd.com,Polygender,180.90.79.37
326,Yalonda,Smittoune,ysmittoune91@unicef.org,Agender,99.240.165.244
327,Lyndsie,Marshland,lmarshland92@youtube.com,Non-binary,135.141.150.62
328,Sayre,Southan,ssouthan93@comcast.net,Male,196.153.24.130
329,Dorris,Cahillane,dcahillane94@wufoo.com,Female,213.180.58.28
330,Mano,Bridgewood,mbridgewood95@livejournal.com,Agender,97.161.4.4
331,Ax,Keppy,akeppy96@themeforest.net,Genderqueer,79.106.13.87
332,Wyndham,Dommerque,wdommerque97@google.es,Genderqueer,169.227.152.108
333,Viole,Joliffe,vjoliffe98@angelfire.com,Male,170.29.242.90
334,Garey,Krolle,gkrolle99@about.me,Genderfluid,6.40.1.233
335,Blane,Ivery,bivery9a@bluehost.com,Genderfluid,147.32.78.9
336,Heather,Stoad,hstoad9b@uol.com.br,Agender,238.39.61.190
337,Addy,Arton,aarton9c@tinypic.com,Male,169.245.22.182
338,Verena,Harling,vharling9d@sfgate.com,Female,176.206.236.28
339,Tera,Thundercliffe,tthundercliffe9e@amazonaws.com,Bigender,78.135.82.8
340,Horatio,Stanier,hstanier9f@va.gov,Polygender,128.182.167.106
341,Marlo,Murcott,mmurcott9g@drupal.org,Bigender,196.39.10.17
342,Ancell,Edds,aedds9h@theatlantic.com,Genderqueer,243.47.17.90
343,Winslow,Ram,wram9i@upenn.edu,Genderfluid,130.183.195.174
344,Ryann,Basindale,rbasindale9j@businessinsider.com,Agender,60.100.216.168
345,Maribel,Mulvihill,mmulvihill9k@pcworld.com,Polygender,64.3.111.18
346,Dukie,Camblin,dcamblin9l@usa.gov,Non-binary,168.163.197.164
347,Christyna,Morpeth,cmorpeth9m@ox.ac.uk,Genderqueer,198.99.125.194
348,Eda,Kleinlerer,ekleinlerer9n@wix.com,Non-binary,107.195.38.253
349,Bernadina,Rimer,brimer9o@bbb.org,Genderqueer,195.126.9.70
350,Velvet,Risbridge,vrisbridge9p@digg.com,Female,143.130.179.56
351,Sollie,Bulfoy,sbulfoy9q@guardian.co.uk,Bigender,161.13.35.62
352,Lorenzo,Rehor,lrehor9r@zimbio.com,Genderfluid,113.146.119.220
353,Almeria,Greggor,agreggor9s@is.gd,Female,152.8.15.127
354,Walker,Fuentes,wfuentes9t@businessinsider.com,Female,221.198.178.39
355,Manny,Bradburn,mbradburn9u@cmu.edu,Genderqueer,152.178.139.78
356,Gale,Lecointe,glecointe9v@cafepress.com,Non-binary,185.193.55.8
357,Libby,Halley,lhalley9w@cloudflare.com,Bigender,169.79.144.160
358,Prinz,Wickey,pwickey9x@nps.gov,Polygender,241.23.195.144
359,Ravi,Hemerijk,rhemerijk9y@apache.org,Non-binary,61.134.72.176
360,Don,Longmire,dlongmire9z@com.com,Female,127.205.4.82
361,Erinn,Addicott,eaddicotta0@cnet.com,Agender,224.32.184.27
362,Magdalen,Langrick,mlangricka1@npr.org,Genderqueer,101.117.97.172
363,Tony,Bottinelli,tbottinellia2@i2i.jp,Genderfluid,232.121.77.94
364,Terrel,Loyley,tloyleya3@naver.com,Genderfluid,184.89.167.222
365,Billi,Cousins,bcousinsa4@latimes.com,Male,21.80.248.135
366,Simonette,Wooddisse,swooddissea5@yahoo.com,Bigender,71.21.122.243
367,Denny,Larderot,dlarderota6@miibeian.gov.cn,Non-binary,82.129.170.229
368,Rani,Seage,rseagea7@drupal.org,Polygender,203.253.195.149
369,Ephrayim,Delacote,edelacotea8@fotki.com,Genderqueer,25.197.53.133
370,Doralin,Acedo,dacedoa9@ibm.com,Genderqueer,247.66.139.126
371,Aurelea,Stredwick,astredwickaa@psu.edu,Genderfluid,170.231.54.171
372,Rosanne,Zylberdik,rzylberdikab@desdev.cn,Genderqueer,215.76.20.10
373,Tedra,Lea,tleaac@reverbnation.com,Agender,243.50.235.46
374,Marlin,Cunio,mcunioad@spiegel.de,Genderqueer,30.212.175.14
375,Ardelia,Sydall,asydallae@wsj.com,Bigender,45.125.156.24
376,Sherye,Dutteridge,sdutteridgeaf@themeforest.net,Polygender,165.3.21.222
377,Griffie,Elnaugh,gelnaughag@apache.org,Agender,75.14.139.221
378,Evaleen,Dacca,edaccaah@nih.gov,Non-binary,166.60.48.220
379,Costanza,Sebright,csebrightai@tmall.com,Genderfluid,143.251.33.68
380,Calvin,Ginner,cginneraj@japanpost.jp,Agender,8.253.209.141
381,Lucas,Hirjak,lhirjakak@indiatimes.com,Polygender,203.249.30.11
382,Brocky,Damper,bdamperal@time.com,Female,149.43.178.123
383,Austen,Leon,aleonam@weibo.com,Non-binary,167.255.5.147
384,Alister,Hendrich,ahendrichan@admin.ch,Polygender,150.155.228.87
385,Lishe,Crop,lcropao@privacy.gov.au,Agender,138.29.251.6
386,Hobard,Reichardt,hreichardtap@wunderground.com,Male,3.100.160.225
387,Eleanor,Antusch,eantuschaq@github.io,Agender,68.153.239.20
388,Karna,Cormode,kcormodear@so-net.ne.jp,Non-binary,29.77.180.104
389,Catherin,Ravel,cravelas@networkadvertising.org,Male,227.217.14.138
390,Demeter,Verheijden,dverheijdenat@timesonline.co.uk,Agender,178.64.237.91
391,Idelle,Chestnut,ichestnutau@si.edu,Female,97.76.55.131
392,Halette,Fancet,hfancetav@uiuc.edu,Female,90.57.128.211
393,Michael,Altimas,maltimasaw@pcworld.com,Female,244.235.225.241
394,Stevana,Willmott,swillmottax@simplemachines.org,Polygender,23.228.182.13
395,Amargo,MacCoughen,amaccoughenay@spiegel.de,Male,37.243.192.114
396,Briant,Driussi,bdriussiaz@jiathis.com,Female,51.13.92.102
397,Aloysius,Allibon,aallibonb0@dailymotion.com,Bigender,181.58.14.244
398,Justen,Barts,jbartsb1@ucsd.edu,Male,103.237.209.79
399,Giana,Kornyakov,gkornyakovb2@sitemeter.com,Genderqueer,73.233.87.34
400,Ansell,Rate,arateb3@youku.com,Polygender,131.7.194.154
401,Luisa,Records,lrecordsb4@usa.gov,Genderfluid,30.244.104.80
402,Camey,Greasley,cgreasleyb5@uol.com.br,Non-binary,100.47.23.107
403,Phaedra,Maddie,pmaddieb6@businesswire.com,Genderfluid,253.34.56.60
404,Benn,Kennan,bkennanb7@apache.org,Female,59.249.64.188
405,Emile,Twamley,etwamleyb8@joomla.org,Agender,245.182.148.145
406,Zita,Merrywether,zmerrywetherb9@craigslist.org,Female,154.4.97.134
407,Zandra,Curtoys,zcurtoysba@imageshack.us,Non-binary,160.1.205.111
408,Dacia,D'Elia,ddeliabb@cbslocal.com,Genderfluid,96.55.220.66
409,Magdaia,Armstrong,marmstrongbc@intel.com,Genderfluid,6.202.214.50
410,Eduino,Hedderly,ehedderlybd@freewebs.com,Agender,76.2.26.84
411,Les,Moorcraft,lmoorcraftbe@123-reg.co.uk,Genderqueer,98.0.53.70
412,Camilla,McMurty,cmcmurtybf@google.ca,Agender,210.58.9.50
413,Georgine,Stollenhof,gstollenhofbg@vkontakte.ru,Female,140.52.171.141
414,Mignon,Soulsby,msoulsbybh@marriott.com,Agender,99.255.200.90
415,Jerome,Sposito,jspositobi@artisteer.com,Female,95.134.249.149
416,Price,Stayt,pstaytbj@indiegogo.com,Genderqueer,0.53.46.224
417,Ulysses,Craigg,ucraiggbk@jigsy.com,Agender,158.255.233.149
418,Jerrylee,Keattch,jkeattchbl@purevolume.com,Male,187.84.81.181
419,Aldous,Petri,apetribm@howstuffworks.com,Non-binary,99.85.24.164
420,Cassaundra,Catherick,ccatherickbn@quantcast.com,Polygender,240.168.41.196
421,Sara-ann,Barrell,sbarrellbo@virginia.edu,Non-binary,221.54.245.54
422,Florrie,Burth,fburthbp@skyrock.com,Genderfluid,170.39.62.63
423,Fiorenze,Falco,ffalcobq@businessweek.com,Polygender,217.153.181.8
424,Burt,Iacovacci,biacovaccibr@yahoo.com,Polygender,111.69.67.37
425,Barney,Galle,bgallebs@squarespace.com,Bigender,36.25.252.112
426,Nanny,Trouncer,ntrouncerbt@sun.com,Male,249.72.143.102
427,Gabriel,Salerno,gsalernobu@jugem.jp,Non-binary,249.250.163.246
428,John,Sargerson,jsargersonbv@nps.gov,Bigender,144.205.229.93
429,Glenine,Mott,gmottbw@cbslocal.com,Genderfluid,50.33.53.200
430,Dorree,Cabral,dcabralbx@sohu.com,Agender,231.17.218.9
431,Duncan,Bastard,dbastardby@pen.io,Polygender,188.51.178.149
432,Mavra,Vincent,mvincentbz@mtv.com,Female,19.183.52.193
433,Porter,Steers,psteersc0@free.fr,Polygender,94.244.27.232
434,Cary,MacTavish,cmactavishc1@ovh.net,Bigender,187.131.61.69
435,Ketti,Radband,kradbandc2@mail.ru,Female,103.210.36.193
436,Fifine,Habbema,fhabbemac3@latimes.com,Agender,253.202.62.30
437,Merrili,Arunowicz,marunowiczc4@whitehouse.gov,Genderfluid,11.153.137.182
438,Fedora,Wardingly,fwardinglyc5@google.co.jp,Agender,75.117.239.197
439,Winnifred,Hartford,whartfordc6@mail.ru,Non-binary,169.190.141.27
440,Jeffry,Sprowell,jsprowellc7@last.fm,Bigender,208.24.204.7
441,Wilow,Walczak,wwalczakc8@123-reg.co.uk,Bigender,217.20.223.230
442,Heddie,Tellenbroker,htellenbrokerc9@163.com,Genderfluid,10.202.189.133
443,Verney,Priddy,vpriddyca@timesonline.co.uk,Female,113.134.1.66
444,Luisa,Ghiraldi,lghiraldicb@gnu.org,Bigender,92.215.89.147
445,D'arcy,Cockerill,dcockerillcc@dailymotion.com,Bigender,115.207.33.57
446,Seana,Grote,sgrotecd@time.com,Agender,62.155.138.18
447,Phyllis,Barnhart,pbarnhartce@hubpages.com,Bigender,172.94.93.79
448,Pavlov,Danilov,pdanilovcf@elegantthemes.com,Bigender,57.173.115.1
449,Tandie,Giblin,tgiblincg@odnoklassniki.ru,Genderqueer,171.74.13.198
450,Gan,Trubshawe,gtrubshawech@youtube.com,Male,222.218.140.182
451,Gard,Dumbar,gdumbarci@merriam-webster.com,Genderqueer,34.233.138.38
452,Tremayne,Fawlo,tfawlocj@virginia.edu,Agender,70.199.160.134
453,Sandy,Demcak,sdemcakck@altervista.org,Agender,201.80.228.97
454,Rufus,Arr,rarrcl@yandex.ru,Agender,209.52.224.207
455,Lexi,Mankor,lmankorcm@buzzfeed.com,Polygender,170.213.153.116
456,Corabelle,Raiker,craikercn@census.gov,Female,57.249.216.168
457,Catarina,Minker,cminkerco@cbc.ca,Bigender,192.158.217.190
458,Susannah,Lehrer,slehrercp@ask.com,Polygender,242.63.154.23
459,Lynette,Eglese,leglesecq@reddit.com,Male,66.134.243.0
460,Mord,Stitt,mstittcr@arizona.edu,Genderqueer,2.153.109.238
461,Bibby,Damiata,bdamiatacs@yale.edu,Male,180.6.33.25
462,Sharleen,Casarini,scasarinict@weather.com,Agender,101.211.210.130
463,Shirline,Gillio,sgilliocu@vk.com,Non-binary,69.109.10.129
464,Cindelyn,Le Count,clecountcv@youtu.be,Non-binary,212.80.184.157
465,Oralla,Giurio,ogiuriocw@businessweek.com,Agender,23.91.79.149
466,Quill,Cruz,qcruzcx@spotify.com,Polygender,244.62.125.111
467,Wynn,Chitty,wchittycy@mit.edu,Non-binary,206.125.151.191
468,Case,Vasyuchov,cvasyuchovcz@bloomberg.com,Female,241.56.249.166
469,Chester,Licari,clicarid0@forbes.com,Agender,107.150.171.88
470,Sybila,Alfonzo,salfonzod1@reverbnation.com,Genderfluid,161.255.42.255
471,Sollie,Bulfoot,sbulfootd2@dion.ne.jp,Bigender,63.132.53.117
472,Aidan,Kleinerman,akleinermand3@friendfeed.com,Genderfluid,59.5.67.161
473,Starlin,Goldson,sgoldsond4@ibm.com,Male,31.220.66.229
474,Shauna,Jachimak,sjachimakd5@barnesandnoble.com,Non-binary,35.239.140.163
475,Melvin,Rainsdon,mrainsdond6@xing.com,Male,255.222.1.206
476,Micheline,McAteer,mmcateerd7@nydailynews.com,Genderfluid,72.12.74.180
477,Emiline,Kalisch,ekalischd8@flavors.me,Male,185.225.161.226
478,Glenna,Pelcheur,gpelcheurd9@whitehouse.gov,Female,27.177.41.111
479,Candi,Fairley,cfairleyda@narod.ru,Genderqueer,23.192.17.24
480,Edmon,Walworth,ewalworthdb@ezinearticles.com,Genderqueer,229.146.117.44
481,Ellynn,Sleney,esleneydc@mac.com,Agender,176.81.18.94
482,Gizela,Waight,gwaightdd@nhs.uk,Genderfluid,137.41.119.152
483,Xenos,Roll,xrollde@narod.ru,Female,62.39.147.2
484,Karena,Jean,kjeandf@theatlantic.com,Agender,157.16.221.25
485,Raymond,Pester,rpesterdg@dot.gov,Genderqueer,11.51.32.132
486,Marla,Mallalieu,mmallalieudh@nbcnews.com,Genderqueer,23.36.187.174
487,Kinsley,Hasling,khaslingdi@guardian.co.uk,Non-binary,191.72.64.108
488,Susanetta,Robecon,srobecondj@sina.com.cn,Polygender,194.93.212.57
489,Elizabet,Tirone,etironedk@technorati.com,Genderqueer,23.246.115.27
490,Sidonia,Matyushkin,smatyushkindl@bizjournals.com,Female,216.32.92.130
491,Dotti,Milella,dmilelladm@nymag.com,Female,84.226.158.178
492,Dell,Arkell,darkelldn@earthlink.net,Bigender,99.22.43.127
493,Daren,Josilowski,djosilowskido@studiopress.com,Female,84.18.7.243
494,Georgeta,Cornford,gcornforddp@utexas.edu,Genderfluid,64.165.45.83
495,Sheffie,Van Salzberger,svansalzbergerdq@arizona.edu,Genderfluid,47.218.29.251
496,Renelle,Sanday,rsandaydr@fema.gov,Male,49.147.93.49
497,Sherrie,Longfield,slongfieldds@google.com.br,Bigender,32.238.179.133
498,Viviene,Kunzel,vkunzeldt@prlog.org,Male,19.215.80.176
499,Modesta,O'Callaghan,mocallaghandu@wikispaces.com,Non-binary,219.19.195.214
500,Raeann,Purches,rpurchesdv@yolasite.com,Agender,92.2.200.130
501,Jermayne,Petronis,jpetronisdw@msu.edu,Polygender,39.114.179.161
502,Aura,Pfeifer,apfeiferdx@seattletimes.com,Polygender,71.246.194.193
503,Trstram,Talboy,ttalboydy@360.cn,Genderfluid,171.180.27.19
504,Lockwood,Redman,lredmandz@newyorker.com,Genderfluid,245.118.221.22
505,Willie,De Gogay,wdegogaye0@tinypic.com,Female,203.246.172.124
506,Stinky,Gipp,sgippe1@live.com,Polygender,23.96.159.8
507,Kerianne,Carne,kcarnee2@tmall.com,Polygender,165.159.78.242
508,Briney,Yeoman,byeomane3@tripod.com,Female,30.184.252.114
509,Eve,Rotherham,erotherhame4@wufoo.com,Polygender,83.191.52.244
510,Kiel,Cotilard,kcotilarde5@etsy.com,Genderfluid,63.50.63.119
511,Hy,Gimlet,hgimlete6@pen.io,Polygender,163.35.23.166
512,Ramsey,Loftin,rloftine7@microsoft.com,Female,99.143.25.18
513,Letty,Lukas,llukase8@nih.gov,Male,155.57.182.10
514,Huntlee,Camings,hcamingse9@w3.org,Non-binary,27.234.173.16
515,Bennie,Sapsed,bsapsedea@mozilla.org,Genderqueer,17.129.197.27
516,Leesa,Glamart,lglamarteb@multiply.com,Bigender,96.71.233.98
517,Stevana,Denkel,sdenkelec@guardian.co.uk,Male,66.133.219.221
518,Wendi,Aldous,waldoused@ifeng.com,Male,34.202.57.118
519,Hershel,Ogborn,hogbornee@ca.gov,Non-binary,189.27.46.189
520,Prentiss,Worlock,pworlockef@state.tx.us,Bigender,53.217.127.132
521,Tadio,Frarey,tfrareyeg@google.nl,Polygender,3.248.82.203
522,Padgett,Screas,pscreaseh@craigslist.org,Polygender,72.13.13.115
523,Abbye,Scarlett,ascarlettei@independent.co.uk,Agender,73.76.94.119
524,Erick,O'Sullivan,eosullivanej@diigo.com,Genderqueer,145.42.181.122
525,Ingamar,Barbier,ibarbierek@nasa.gov,Female,11.68.88.207
526,Wildon,Lathleiff,wlathleiffel@nih.gov,Male,229.40.98.254
527,Thornie,Jimmes,tjimmesem@bravesites.com,Male,44.115.94.207
528,Shannen,Speechley,sspeechleyen@google.com.au,Non-binary,155.187.253.18
529,Mora,Edler,medlereo@ustream.tv,Bigender,109.24.158.45
530,Joya,Dalliwatr,jdalliwatrep@oaic.gov.au,Male,174.94.89.244
531,Dun,Hurst,dhursteq@cnn.com,Female,239.103.206.67
532,Elenore,Wildt,ewildter@issuu.com,Bigender,62.94.200.253
533,Joletta,Oliva,jolivaes@youtube.com,Female,41.177.86.245
534,Gisella,Meo,gmeoet@indiatimes.com,Genderqueer,232.133.201.248
535,Ofilia,Beddis,obeddiseu@vkontakte.ru,Non-binary,223.136.198.111
536,Gayleen,Tonnesen,gtonnesenev@ftc.gov,Female,22.220.170.139
537,Malissa,Drife,mdrifeew@networkadvertising.org,Bigender,72.61.13.8
538,Hiram,Willey,hwilleyex@admin.ch,Non-binary,208.34.24.183
539,Ardis,Torpie,atorpieey@stanford.edu,Genderfluid,132.72.104.207
540,Brianne,Hamley,bhamleyez@privacy.gov.au,Agender,181.43.13.118
541,Pepita,Naton,pnatonf0@vimeo.com,Male,154.43.154.156
542,Kissee,Kelcey,kkelceyf1@loc.gov,Male,145.151.97.246
543,Winni,Parkhouse,wparkhousef2@nytimes.com,Male,74.67.45.33
544,Prentice,Edelmann,pedelmannf3@printfriendly.com,Genderfluid,187.234.76.63
545,Martie,Djekovic,mdjekovicf4@multiply.com,Bigender,152.70.132.222
546,Chuck,Standbrook,cstandbrookf5@rakuten.co.jp,Non-binary,136.98.58.191
547,Nanci,McRobb,nmcrobbf6@comsenz.com,Bigender,192.209.254.182
548,Fransisco,Storch,fstorchf7@dailymotion.com,Male,3.109.82.240
549,Anton,Cater,acaterf8@army.mil,Genderqueer,107.131.142.187
550,Helena,Jeroch,hjerochf9@craigslist.org,Genderfluid,172.49.0.152
551,Artemas,Phittiplace,aphittiplacefa@oaic.gov.au,Polygender,167.53.208.198
552,Jessalin,Simonich,jsimonichfb@deviantart.com,Genderqueer,98.123.195.125
553,Thorny,Bengtson,tbengtsonfc@vk.com,Polygender,28.92.123.151
554,Merla,Greggersen,mgreggersenfd@jalbum.net,Male,185.49.6.117
555,Ianthe,Seally,iseallyfe@indiatimes.com,Male,100.251.105.58
556,Yuri,Nichols,ynicholsff@nature.com,Agender,38.88.197.167
557,Trefor,Blue,tbluefg@thetimes.co.uk,Agender,123.4.20.225
558,Ezequiel,Pitone,epitonefh@apple.com,Polygender,227.9.164.0
559,Gisella,Roberson,grobersonfi@cbslocal.com,Genderfluid,158.134.204.121
560,Vito,Ivain,vivainfj@google.nl,Genderfluid,163.1.208.211
561,Phillip,Lushey,plusheyfk@multiply.com,Polygender,160.58.198.17
562,Stevie,Tatteshall,statteshallfl@wunderground.com,Male,242.1.65.184
563,Adeline,Bromont,abromontfm@issuu.com,Agender,251.62.221.123
564,Dun,Biglin,dbiglinfn@usda.gov,Female,113.118.224.6
565,Taffy,Vinnicombe,tvinnicombefo@oracle.com,Male,233.35.82.211
566,Adiana,Silbert,asilbertfp@sbwire.com,Female,151.61.121.134
567,Leanna,Hellens,lhellensfq@arizona.edu,Agender,139.145.168.130
568,Hermia,Stenett,hstenettfr@baidu.com,Female,109.15.152.120
569,Loralie,Pevie,lpeviefs@sciencedirect.com,Non-binary,198.0.33.64
570,Marta,Kain,mkainft@vk.com,Polygender,23.126.0.85
571,Heloise,Levy,hlevyfu@mlb.com,Genderfluid,228.253.255.248
572,Osmund,Everiss,oeverissfv@qq.com,Agender,161.119.247.59
573,Bryan,Doonican,bdoonicanfw@ucoz.ru,Polygender,253.76.125.242
574,Seth,Edgcumbe,sedgcumbefx@sphinn.com,Female,76.107.96.8
575,Janaya,Spurrier,jspurrierfy@senate.gov,Female,144.227.179.123
576,Jobyna,Lewsy,jlewsyfz@china.com.cn,Genderqueer,198.11.52.244
577,Marla,Sweeney,msweeneyg0@liveinternet.ru,Genderqueer,16.77.206.168
578,Merill,Gell,mgellg1@macromedia.com,Genderqueer,95.154.55.113
579,Marinna,Kurdani,mkurdanig2@goo.gl,Polygender,68.185.82.109
580,Mel,Peye,mpeyeg3@odnoklassniki.ru,Bigender,196.34.214.219
581,Ansley,Tankin,atanking4@storify.com,Female,235.141.83.6
582,Madeleine,McGeachie,mmcgeachieg5@ox.ac.uk,Genderqueer,233.109.68.108
583,Engelbert,Arntzen,earntzeng6@hubpages.com,Polygender,49.71.187.94
584,Dyann,Furbank,dfurbankg7@51.la,Genderqueer,215.213.188.134
585,Cobb,Gyles,cgylesg8@oaic.gov.au,Polygender,182.239.7.109
586,Lory,Chrippes,lchrippesg9@usa.gov,Polygender,99.67.166.252
587,Sheela,Hackford,shackfordga@imgur.com,Agender,36.28.168.153
588,Boonie,Casacchia,bcasacchiagb@yolasite.com,Bigender,26.49.168.190
589,Emmye,Iskower,eiskowergc@51.la,Genderqueer,230.237.189.17
590,Addy,Geelan,ageelangd@wikimedia.org,Bigender,23.129.195.198
591,Gaby,Balcock,gbalcockge@narod.ru,Genderfluid,41.98.49.210
592,Daffie,Manske,dmanskegf@google.co.uk,Polygender,158.157.27.54
593,Domini,Isaac,disaacgg@gmpg.org,Non-binary,43.2.244.207
594,Colan,Kuzma,ckuzmagh@sakura.ne.jp,Non-binary,149.67.230.216
595,Natalya,Behneke,nbehnekegi@bravesites.com,Bigender,129.213.23.123
596,Lucas,Tapply,ltapplygj@un.org,Genderfluid,61.73.68.82
597,Tomasina,Mackrell,tmackrellgk@hostgator.com,Female,219.187.44.63
598,Iain,Mc Comb,imccombgl@squarespace.com,Bigender,121.187.70.197
599,Cahra,Tresvina,ctresvinagm@mapy.cz,Female,89.167.105.247
600,Gabbi,Fossey,gfosseygn@independent.co.uk,Female,36.31.178.239
601,Antonietta,Galbreath,agalbreathgo@google.pl,Agender,176.2.114.193
602,Sandi,Hugo,shugogp@sitemeter.com,Genderqueer,253.199.110.75
603,Kettie,Santos,ksantosgq@people.com.cn,Non-binary,91.146.125.230
604,Robena,Birchner,rbirchnergr@unesco.org,Bigender,65.93.114.118
605,Lurleen,Appleford,lapplefordgs@artisteer.com,Bigender,95.95.252.108
606,Daphne,MacEveley,dmaceveleygt@wisc.edu,Genderqueer,16.255.29.228
607,Lesya,Maffioni,lmaffionigu@ft.com,Polygender,60.147.86.218
608,Sarita,Shellard,sshellardgv@netscape.com,Agender,131.116.115.152
609,Page,Follis,pfollisgw@senate.gov,Genderqueer,224.146.75.215
610,Kessia,Kahler,kkahlergx@cyberchimps.com,Agender,249.123.75.190
611,Rivkah,McKenney,rmckenneygy@omniture.com,Bigender,95.215.138.51
612,Phedra,Pollok,ppollokgz@sohu.com,Genderfluid,131.233.87.219
613,Reena,Collinson,rcollinsonh0@dedecms.com,Non-binary,20.250.167.55
614,Reube,Iliffe,riliffeh1@reference.com,Genderfluid,97.225.52.134
615,Anabella,Ibeson,aibesonh2@mayoclinic.com,Male,96.105.23.121
616,Cirilo,Keir,ckeirh3@reverbnation.com,Male,75.172.54.4
617,Jeramie,Windle,jwindleh4@businessweek.com,Male,123.214.115.4
618,Carlos,McAmish,cmcamishh5@ask.com,Male,203.10.159.1
619,Rosanne,Odam,rodamh6@addtoany.com,Genderfluid,162.1.105.8
620,Becky,Hanster,bhansterh7@adobe.com,Female,80.89.179.158
621,Wren,Lince,wlinceh8@npr.org,Female,240.18.26.42
622,Merl,Mogie,mmogieh9@netvibes.com,Genderfluid,143.114.153.104
623,Rudolph,Welburn,rwelburnha@canalblog.com,Male,118.1.79.44
624,Percival,Castano,pcastanohb@prnewswire.com,Bigender,52.35.145.73
625,Howard,Garrood,hgarroodhc@who.int,Bigender,61.230.59.96
626,Drucill,Mogg,dmogghd@dedecms.com,Polygender,140.80.212.63
627,Lenci,Binham,lbinhamhe@toplist.cz,Polygender,232.212.84.201
628,Consuelo,Blanchette,cblanchettehf@cargocollective.com,Polygender,130.120.78.71
629,Darn,Lethbury,dlethburyhg@github.io,Agender,96.247.180.41
630,Janos,Reis,jreishh@github.io,Non-binary,17.125.110.238
631,Woodrow,Damrell,wdamrellhi@quantcast.com,Bigender,209.74.219.42
632,Karly,Yashnov,kyashnovhj@ustream.tv,Genderfluid,111.42.239.241
633,Gherardo,Idale,gidalehk@imageshack.us,Female,195.170.70.176
634,Florie,Matcham,fmatchamhl@linkedin.com,Polygender,9.119.51.107
635,Karyn,Garter,kgarterhm@1688.com,Male,106.93.237.201
636,Mikey,Plomer,mplomerhn@springer.com,Genderfluid,40.213.164.176
637,Goddart,Davet,gdavetho@cbslocal.com,Polygender,20.77.34.72
638,Dermot,Gerdes,dgerdeshp@cornell.edu,Agender,68.231.99.242
639,Averell,Thacke,athackehq@xrea.com,Genderfluid,78.2.100.96
640,Miles,Dahlback,mdahlbackhr@exblog.jp,Agender,46.230.125.238
641,Clare,Nel,cnelhs@fotki.com,Non-binary,176.116.129.205
642,Bernhard,Teesdale,bteesdaleht@comcast.net,Genderfluid,25.226.75.135
643,Harriett,Craythorne,hcraythornehu@answers.com,Female,168.146.61.61
644,Karen,Van den Bosch,kvandenboschhv@timesonline.co.uk,Bigender,19.44.68.136
645,Hailey,Nicklinson,hnicklinsonhw@google.com.au,Female,157.52.230.235
646,Ruby,Fawdry,rfawdryhx@fotki.com,Genderfluid,194.206.119.61
647,Delores,Howis,dhowishy@bigcartel.com,Female,4.24.237.234
648,Miles,Benedidick,mbenedidickhz@example.com,Genderfluid,52.14.59.113
649,Temp,Bison,tbisoni0@nih.gov,Female,219.143.79.54
650,Janka,Sotheby,jsothebyi1@over-blog.com,Bigender,122.80.250.185
651,Pyotr,Paulley,ppaulleyi2@elpais.com,Non-binary,82.177.151.96
652,Eveline,Van Der Hoog,evanderhoogi3@mit.edu,Bigender,1.98.176.110
653,Guthrie,Shimmings,gshimmingsi4@opensource.org,Agender,168.225.21.175
654,Alia,Pordal,apordali5@state.gov,Female,29.43.183.61
655,Leland,Scarff,lscarffi6@jiathis.com,Non-binary,198.225.40.12
656,Oates,Cawthorne,ocawthornei7@sciencedaily.com,Male,191.11.201.95
657,Herold,Kempstone,hkempstonei8@jigsy.com,Female,187.234.215.91
658,Tamiko,Feirn,tfeirni9@yellowpages.com,Genderqueer,101.25.231.214
659,Caterina,Dodman,cdodmania@moonfruit.com,Non-binary,50.1.68.25
660,Tris,Eayres,teayresib@artisteer.com,Female,170.107.184.125
661,Alasteir,Pask,apaskic@bloglines.com,Genderfluid,166.74.191.170
662,Sheri,Houselee,shouseleeid@imgur.com,Bigender,64.119.158.114
663,Tabatha,Willshire,twillshireie@furl.net,Genderfluid,248.197.122.185
664,Laverne,Lichtfoth,llichtfothif@scientificamerican.com,Bigender,132.177.175.43
665,Rosco,Normanville,rnormanvilleig@newyorker.com,Male,19.175.27.137
666,Candra,Golsthorp,cgolsthorpih@live.com,Non-binary,63.234.56.151
667,Nerti,Gaines,ngainesii@un.org,Female,112.24.102.232
668,Archibald,Igounet,aigounetij@sina.com.cn,Male,254.41.107.237
669,Ambur,Cornwell,acornwellik@github.io,Genderqueer,3.216.10.171
670,Nealon,Iianon,niianonil@sourceforge.net,Genderfluid,80.0.54.49
671,Keir,O'Carran,kocarranim@blogs.com,Polygender,109.19.252.112
672,Lindsay,Hardington,lhardingtonin@networkadvertising.org,Genderfluid,68.30.158.127
673,Arlee,Kleeman,akleemanio@ehow.com,Genderfluid,22.232.202.157
674,Fairfax,Clapison,fclapisonip@buzzfeed.com,Polygender,133.136.18.95
675,Emlyn,Cockshtt,ecockshttiq@squarespace.com,Genderqueer,219.15.40.192
676,Ondrea,Fermin,oferminir@photobucket.com,Non-binary,186.136.58.115
677,Hervey,Mannie,hmannieis@ning.com,Genderfluid,84.132.104.188
678,Wolfgang,Ianno,wiannoit@disqus.com,Female,88.0.127.112
679,Antonietta,Ewings,aewingsiu@paginegialle.it,Polygender,120.123.170.105
680,Bonny,Guerin,bgueriniv@vkontakte.ru,Female,133.52.238.130
681,Else,Purchall,epurchalliw@who.int,Male,124.67.62.70
682,Dosi,Pedlingham,dpedlinghamix@usda.gov,Male,179.149.33.164
683,Brendan,Massow,bmassowiy@jimdo.com,Non-binary,194.251.54.224
684,Benetta,Arnson,barnsoniz@chronoengine.com,Genderqueer,194.118.155.227
685,Debi,Glassopp,dglassoppj0@people.com.cn,Female,227.138.78.247
686,Clarie,Jowling,cjowlingj1@technorati.com,Female,218.178.14.0
687,Cordelie,Ebbin,cebbinj2@g.co,Agender,108.5.143.148
688,Mathian,Lamasna,mlamasnaj3@typepad.com,Genderqueer,250.181.59.112
689,Othelia,Hof,ohofj4@domainmarket.com,Male,99.72.71.224
690,Elinor,Elcom,eelcomj5@163.com,Agender,22.0.52.199
691,Emlen,Giron,egironj6@google.ru,Non-binary,46.5.81.35
692,Avivah,Pedrollo,apedrolloj7@tumblr.com,Agender,114.48.121.69
693,Gwenette,Maidstone,gmaidstonej8@ox.ac.uk,Genderqueer,121.126.217.21
694,Tildie,Duggary,tduggaryj9@youtube.com,Bigender,181.70.45.23
695,Karine,De Micoli,kdemicolija@technorati.com,Male,155.108.38.126
696,Liane,Maddaford,lmaddafordjb@miibeian.gov.cn,Genderqueer,203.242.90.251
697,Inessa,Sandey,isandeyjc@google.cn,Male,221.172.155.219
698,Christean,Werner,cwernerjd@google.cn,Bigender,86.62.219.154
699,Frederick,Pickston,fpickstonje@biblegateway.com,Non-binary,155.252.85.71
700,Madison,Karslake,mkarslakejf@alibaba.com,Male,251.165.112.62
701,Bekki,Perrelli,bperrellijg@so-net.ne.jp,Polygender,88.76.159.0
702,Wrennie,Jaycocks,wjaycocksjh@privacy.gov.au,Genderfluid,100.95.42.250
703,Augy,Bernetti,abernettiji@lycos.com,Genderqueer,127.243.104.30
704,Alfy,McCool,amccooljj@exblog.jp,Male,229.97.134.233
705,Doll,Doeg,ddoegjk@theglobeandmail.com,Agender,131.172.222.89
706,Novelia,Karlsen,nkarlsenjl@state.gov,Non-binary,190.136.30.30
707,Cull,Grigs,cgrigsjm@goo.ne.jp,Male,119.88.228.51
708,Jasmina,Bandiera,jbandierajn@unesco.org,Male,207.250.2.0
709,Salvidor,Di Maggio,sdimaggiojo@ibm.com,Polygender,134.94.49.180
710,Casey,Winpenny,cwinpennyjp@fda.gov,Genderqueer,69.99.15.188
711,Elfrida,Yitshak,eyitshakjq@xinhuanet.com,Polygender,160.154.117.123
712,Osborn,Sweetnam,osweetnamjr@ask.com,Genderfluid,30.29.24.99
713,Venus,Crockett,vcrockettjs@dropbox.com,Male,74.230.205.109
714,Libbie,Creedland,lcreedlandjt@google.com,Polygender,27.255.234.142
715,Odille,Cicchinelli,ocicchinelliju@skyrock.com,Non-binary,218.79.249.146
716,Nap,Lamping,nlampingjv@ycombinator.com,Female,75.37.111.93
717,Kale,Meriguet,kmeriguetjw@imdb.com,Genderfluid,166.64.227.150
718,Cull,Deguara,cdeguarajx@cdc.gov,Non-binary,38.9.183.203
719,Cammi,Grubb,cgrubbjy@xrea.com,Genderfluid,178.218.83.122
720,Avie,Swinney,aswinneyjz@simplemachines.org,Bigender,11.186.9.128
721,Caye,Wandrey,cwandreyk0@surveymonkey.com,Polygender,242.191.199.180
722,Jilly,Jacobowitz,jjacobowitzk1@t.co,Non-binary,161.145.77.229
723,Aurea,Lardier,alardierk2@360.cn,Polygender,93.248.221.4
724,Blythe,Cardnell,bcardnellk3@acquirethisname.com,Genderqueer,85.45.96.221
725,Parsifal,Pengilly,ppengillyk4@altervista.org,Polygender,57.108.232.182
726,Noelle,O'Deoran,nodeorank5@reverbnation.com,Bigender,116.254.21.55
727,Rickie,Vallis,rvallisk6@vk.com,Genderfluid,34.183.76.40
728,Sterling,Dyne,sdynek7@springer.com,Polygender,53.23.27.217
729,Anatol,Perche,aperchek8@jigsy.com,Genderfluid,43.209.211.88
730,Lamar,Foldes,lfoldesk9@walmart.com,Genderfluid,175.99.161.236
731,Marlane,Clayill,mclayillka@businesswire.com,Female,100.0.36.16
732,Shandee,McIlvenny,smcilvennykb@is.gd,Male,254.40.192.74
733,Anselm,Brickell,abrickellkc@ustream.tv,Male,18.205.251.27
734,Ariel,Stearne,astearnekd@wp.com,Genderqueer,203.235.251.228
735,Rawley,Braz,rbrazke@unblog.fr,Polygender,142.234.163.154
736,Loralyn,Studdard,lstuddardkf@amazon.co.jp,Genderqueer,184.28.171.34
737,Abey,Christopherson,achristophersonkg@tinypic.com,Non-binary,54.100.216.203
738,Paquito,Salamon,psalamonkh@unblog.fr,Agender,184.137.155.206
739,Gerry,Remer,gremerki@go.com,Genderqueer,163.98.193.152
740,Milly,Breckon,mbreckonkj@live.com,Non-binary,44.200.81.134
741,Sherrie,Richardson,srichardsonkk@barnesandnoble.com,Female,216.197.101.244
742,Natalina,McMichael,nmcmichaelkl@php.net,Male,224.236.198.250
743,Hercules,Reedie,hreediekm@1und1.de,Polygender,122.251.82.81
744,Diarmid,Lemon,dlemonkn@kickstarter.com,Bigender,187.52.123.234
745,Charlene,Medling,cmedlingko@wordpress.com,Non-binary,88.64.195.37
746,Lauralee,Sercombe,lsercombekp@ft.com,Non-binary,113.122.66.28
747,Rosanne,Mulheron,rmulheronkq@vk.com,Polygender,97.132.60.40
748,Brooks,Smullen,bsmullenkr@aol.com,Genderfluid,134.1.141.21
749,Kennedy,Sute,ksuteks@smh.com.au,Bigender,168.3.168.91
750,Sofie,Giraudel,sgiraudelkt@shop-pro.jp,Non-binary,200.71.235.213
751,Ernie,Sibbs,esibbsku@g.co,Genderfluid,140.21.27.90
752,Mari,Widdup,mwiddupkv@so-net.ne.jp,Genderfluid,163.72.78.53
753,Oates,Coneybeare,oconeybearekw@ebay.com,Genderqueer,161.192.49.61
754,Papagena,Syvret,psyvretkx@clickbank.net,Genderqueer,197.197.250.17
755,Teri,Gaitung,tgaitungky@plala.or.jp,Female,141.159.168.26
756,Amery,Kassel,akasselkz@blogger.com,Male,157.178.82.40
757,Iggy,Ruby,irubyl0@japanpost.jp,Bigender,182.225.238.151
758,Cammy,Cossem,ccosseml1@ed.gov,Genderqueer,72.48.238.96
759,Flss,Cherryman,fcherrymanl2@ca.gov,Genderfluid,76.187.63.90
760,Amby,Zellmer,azellmerl3@amazon.de,Bigender,158.24.20.174
761,Helli,Korpal,hkorpall4@slashdot.org,Non-binary,16.39.234.90
762,Welbie,Gumby,wgumbyl5@nasa.gov,Agender,205.80.80.54
763,Claude,Byrcher,cbyrcherl6@dailymail.co.uk,Polygender,35.232.103.193
764,Berrie,Bedells,bbedellsl7@wikipedia.org,Genderfluid,151.11.198.209
765,Montague,Bizzey,mbizzeyl8@webeden.co.uk,Bigender,49.97.158.162
766,Faye,Vinden,fvindenl9@paypal.com,Female,214.190.107.163
767,Gretna,Kelwick,gkelwickla@mac.com,Agender,145.189.139.250
768,Stanleigh,Quakley,squakleylb@loc.gov,Genderfluid,249.213.155.174
769,Quinn,Tordiffe,qtordiffelc@mac.com,Male,33.254.107.157
770,Marcile,Bereford,mberefordld@discuz.net,Non-binary,18.4.23.91
771,Hube,Kemmet,hkemmetle@rambler.ru,Female,43.106.240.138
772,Henrik,McLaggan,hmclagganlf@ucoz.com,Polygender,15.157.187.48
773,Imogen,Ickovits,iickovitslg@purevolume.com,Bigender,162.99.134.8
774,Dominick,Elstone,delstonelh@ning.com,Agender,53.137.31.99
775,Wendel,Cheyney,wcheyneyli@wisc.edu,Female,81.212.14.88
776,Erny,Stafford,estaffordlj@timesonline.co.uk,Female,110.63.35.151
777,Timi,Halley,thalleylk@free.fr,Non-binary,227.117.64.150
778,Kennedy,Fairbank,kfairbankll@ed.gov,Female,121.33.93.101
779,Tova,Millions,tmillionslm@yelp.com,Non-binary,245.183.82.52
780,Abbie,Gommey,agommeyln@amazon.de,Genderfluid,136.56.103.206
781,Maryjane,Claeskens,mclaeskenslo@stumbleupon.com,Male,70.233.47.203
782,Phil,Watt,pwattlp@bloglovin.com,Bigender,88.108.37.172
783,Hubey,Alben,halbenlq@eventbrite.com,Agender,0.50.244.137
784,Ulrike,Streather,ustreatherlr@examiner.com,Genderqueer,5.47.63.154
785,Roana,Vaneschi,rvaneschils@pagesperso-orange.fr,Female,180.133.213.252
786,Sanders,Buttriss,sbuttrisslt@pinterest.com,Polygender,70.19.116.205
787,Nonna,Squibbs,nsquibbslu@comcast.net,Polygender,84.204.124.127
788,Lynde,Douberday,ldouberdaylv@arstechnica.com,Bigender,135.45.91.233
789,Henrie,Helbeck,hhelbecklw@sciencedirect.com,Male,145.200.58.241
790,Tove,Deyenhardt,tdeyenhardtlx@about.com,Genderqueer,170.239.151.132
791,Ave,Akers,aakersly@shinystat.com,Polygender,245.148.104.111
792,Pennie,Lemerle,plemerlelz@chicagotribune.com,Polygender,188.141.142.74
793,Anders,Benesevich,abenesevichm0@domainmarket.com,Polygender,62.166.46.142
794,Jorrie,McClary,jmcclarym1@amazon.com,Male,189.145.167.250
795,Lilas,Prawle,lprawlem2@reuters.com,Agender,40.141.23.46
796,Jarad,Duncombe,jduncombem3@mail.ru,Non-binary,173.227.48.133
797,Claudio,Berisford,cberisfordm4@pinterest.com,Female,193.175.128.254
798,Ferrell,Jerok,fjerokm5@google.com.au,Non-binary,120.68.210.121
799,Catha,Spivie,cspiviem6@amazonaws.com,Bigender,228.13.195.27
800,Mikel,Odda,moddam7@canalblog.com,Bigender,65.83.110.189
801,Mady,Toffaloni,mtoffalonim8@berkeley.edu,Genderqueer,106.218.18.111
802,Bink,Deener,bdeenerm9@homestead.com,Non-binary,109.173.50.163
803,Zola,Gauson,zgausonma@hibu.com,Bigender,229.107.122.82
804,Gerty,Elijah,gelijahmb@arstechnica.com,Bigender,148.58.213.50
805,Korey,Massingberd,kmassingberdmc@webmd.com,Bigender,138.42.54.46
806,Fern,Cortin,fcortinmd@techcrunch.com,Non-binary,233.124.127.126
807,Dyan,Bryett,dbryettme@liveinternet.ru,Genderfluid,42.58.91.135
808,Jorgan,Lippett,jlippettmf@webs.com,Female,32.145.58.62
809,Yasmin,Castelin,ycastelinmg@eepurl.com,Polygender,12.141.126.213
810,Ber,Raffon,braffonmh@wired.com,Male,117.7.119.106
811,Adrea,Hadrill,ahadrillmi@tinyurl.com,Genderfluid,30.9.45.205
812,Rosene,Conerding,rconerdingmj@dell.com,Male,227.22.142.64
813,Marley,Padgham,mpadghammk@163.com,Female,51.181.180.159
814,Pail,Gentil,pgentilml@sakura.ne.jp,Genderqueer,132.151.142.23
815,Cati,Swindin,cswindinmm@cbslocal.com,Agender,38.108.162.29
816,Gannon,Jewar,gjewarmn@weather.com,Genderqueer,111.219.208.85
817,Yankee,Andriesse,yandriessemo@fda.gov,Genderqueer,121.36.209.144
818,Rodi,Woolerton,rwoolertonmp@senate.gov,Agender,157.103.106.152
819,Darby,Kilbourne,dkilbournemq@nifty.com,Polygender,14.241.17.242
820,Hammad,Dumphry,hdumphrymr@youku.com,Polygender,109.125.128.91
821,Osmond,Warbys,owarbysms@pcworld.com,Polygender,129.231.74.144
822,Kellby,Bewsy,kbewsymt@quantcast.com,Non-binary,235.230.187.103
823,Dillie,Eastmond,deastmondmu@earthlink.net,Polygender,51.85.12.49
824,Maxy,Egginton,meggintonmv@technorati.com,Genderfluid,148.15.164.99
825,Sharleen,Gillio,sgilliomw@newsvine.com,Non-binary,253.119.80.22
826,Forbes,Nurcombe,fnurcombemx@imageshack.us,Polygender,80.62.35.205
827,Cindelyn,Tunbridge,ctunbridgemy@trellian.com,Genderqueer,88.62.237.24
828,Isobel,Liggins,iligginsmz@xing.com,Male,67.128.125.200
829,Worden,Nind,wnindn0@booking.com,Male,35.212.184.248
830,Thatcher,Najafian,tnajafiann1@unicef.org,Genderfluid,175.42.73.60
831,Loy,Jumonet,ljumonetn2@chronoengine.com,Female,16.217.251.40
832,Gilberta,McComish,gmccomishn3@harvard.edu,Genderqueer,160.87.108.174
833,Zola,Arkle,zarklen4@vinaora.com,Polygender,118.31.129.84
834,Anthea,Spurrier,aspurriern5@ow.ly,Polygender,173.186.224.200
835,Joceline,Light,jlightn6@indiegogo.com,Genderfluid,18.144.24.127
836,Vinnie,Terrey,vterreyn7@friendfeed.com,Male,149.226.33.28
837,Richart,Emanuelov,remanuelovn8@tripod.com,Non-binary,16.254.97.213
838,Wadsworth,Gormally,wgormallyn9@hhs.gov,Male,163.255.184.42
839,Marlena,Le Maitre,mlemaitrena@nasa.gov,Polygender,53.32.175.187
840,Enrica,Krugmann,ekrugmannnb@ning.com,Genderfluid,87.220.106.78
841,Ruperta,Records,rrecordsnc@example.com,Agender,101.61.71.1
842,Arlan,Clarage,aclaragend@mozilla.org,Female,212.45.41.131
843,Quinton,Presidey,qpresideyne@businessweek.com,Non-binary,247.30.14.78
844,Robbyn,Byne,rbynenf@webeden.co.uk,Non-binary,39.52.44.104
845,Dom,Smalcombe,dsmalcombeng@cafepress.com,Male,25.57.27.14
846,Ruby,Mincher,rminchernh@clickbank.net,Bigender,69.24.209.31
847,Antonie,Ormond,aormondni@google.nl,Polygender,212.118.186.123
848,Elene,Clemenzi,eclemenzinj@google.it,Non-binary,113.79.62.167
849,Jackson,Yuryichev,jyuryichevnk@forbes.com,Bigender,105.66.173.194
850,Tod,Pervew,tpervewnl@intel.com,Polygender,109.84.240.177
851,Dora,Sandever,dsandevernm@ftc.gov,Female,76.222.160.177
852,Howie,Klazenga,hklazengann@last.fm,Genderqueer,24.174.24.48
853,Cale,MacGill,cmacgillno@over-blog.com,Male,165.121.60.248
854,Samara,Townend,stownendnp@typepad.com,Agender,145.36.205.209
855,Rolph,Scatchar,rscatcharnq@wikia.com,Genderfluid,16.126.202.172
856,Adolphe,Radnedge,aradnedgenr@mtv.com,Non-binary,169.88.210.198
857,Ranee,Rougier,rrougierns@google.com,Genderqueer,53.237.35.82
858,Jourdain,Boddis,jboddisnt@nba.com,Non-binary,151.48.118.54
859,Danila,Nunes Nabarro,dnunesnabarronu@stanford.edu,Genderfluid,141.177.86.28
860,King,Ivanyutin,kivanyutinnv@forbes.com,Genderfluid,46.93.46.100
861,Vance,Whitehorne,vwhitehornenw@123-reg.co.uk,Non-binary,144.39.119.88
862,Liane,Schott,lschottnx@sitemeter.com,Female,103.44.36.75
863,Jewelle,Bucktharp,jbucktharpny@columbia.edu,Female,23.156.4.131
864,Saunderson,Berge,sbergenz@yahoo.com,Agender,30.43.26.221
865,Sully,Williamson,swilliamsono0@merriam-webster.com,Male,19.67.22.209
866,Danila,Webbe,dwebbeo1@yandex.ru,Genderqueer,18.111.162.182
867,Olympie,Cayet,ocayeto2@wikimedia.org,Female,205.255.191.160
868,Heath,Rowson,hrowsono3@slate.com,Female,160.97.103.44
869,Mersey,Winkle,mwinkleo4@networksolutions.com,Female,228.247.82.247
870,Rikki,Medway,rmedwayo5@miitbeian.gov.cn,Agender,158.217.245.239
871,Ursulina,Capineer,ucapineero6@va.gov,Bigender,21.213.227.52
872,Carol,Fantin,cfantino7@sciencedaily.com,Polygender,95.166.168.161
873,Calley,Cowitz,ccowitzo8@yellowbook.com,Agender,89.91.148.160
874,Batholomew,Frisel,bfriselo9@google.pl,Male,11.65.33.136
875,Nada,Colliss,ncollissoa@lulu.com,Female,137.205.88.216
876,Desmond,Soldan,dsoldanob@google.com.hk,Bigender,211.70.76.215
877,Eduard,Jervis,ejervisoc@yahoo.com,Agender,180.221.250.185
878,Cad,Beumant,cbeumantod@newyorker.com,Bigender,139.84.198.232
879,Micki,Fenny,mfennyoe@japanpost.jp,Female,159.194.133.117
880,Fanchette,Rands,frandsof@cam.ac.uk,Female,247.117.148.117
881,Dulcie,Ungerecht,dungerechtog@addtoany.com,Genderfluid,193.131.11.23
882,Freida,Labram,flabramoh@macromedia.com,Bigender,176.24.193.136
883,Elmira,Hengoed,ehengoedoi@rakuten.co.jp,Bigender,116.162.1.220
884,Jacintha,Babalola,jbabalolaoj@europa.eu,Bigender,50.219.203.6
885,Marlo,Lindup,mlindupok@gravatar.com,Male,184.101.30.223
886,Sadella,De L'Isle,sdelisleol@over-blog.com,Polygender,37.59.95.158
887,Bethany,Gumary,bgumaryom@elegantthemes.com,Genderqueer,61.131.54.200
888,Marie-jeanne,Scarlon,mscarlonon@wiley.com,Genderfluid,202.218.199.189
889,Marshall,Duhig,mduhigoo@bandcamp.com,Female,110.118.246.75
890,Skye,Fenna,sfennaop@miibeian.gov.cn,Bigender,53.131.163.164
891,Brittne,Henrion,bhenrionoq@berkeley.edu,Bigender,27.45.231.39
892,Lidia,Riediger,lriedigeror@comcast.net,Polygender,218.51.176.43
893,Ugo,Collinge,ucollingeos@jugem.jp,Bigender,213.236.29.31
894,Melamie,Tassaker,mtassakerot@dmoz.org,Non-binary,242.133.172.226
895,Nikolai,Witherbed,nwitherbedou@chronoengine.com,Agender,231.250.113.193
896,Giralda,Foskett,gfoskettov@npr.org,Male,31.67.23.237
897,Margo,Pepper,mpepperow@instagram.com,Genderfluid,180.236.249.22
898,Misha,Sperling,msperlingox@diigo.com,Male,97.187.19.22
899,Adah,Ortet,aortetoy@google.com,Non-binary,244.222.7.102
900,Laurena,Northage,lnorthageoz@yahoo.com,Genderqueer,135.75.183.43
901,Linea,Bence,lbencep0@archive.org,Genderqueer,140.145.111.143
902,Steffie,Lockyear,slockyearp1@i2i.jp,Genderfluid,207.40.64.203
903,Myrtie,Skelbeck,mskelbeckp2@live.com,Non-binary,115.86.132.42
904,Xena,Keenlyside,xkeenlysidep3@gmpg.org,Male,108.62.234.60
905,Dilan,McPhillips,dmcphillipsp4@quantcast.com,Bigender,247.32.19.18
906,Elyssa,Broz,ebrozp5@bbc.co.uk,Genderqueer,127.246.158.184
907,Lucienne,Murname,lmurnamep6@flavors.me,Genderqueer,69.152.141.150
908,Loralyn,Dahlback,ldahlbackp7@moonfruit.com,Bigender,13.3.9.203
909,Lammond,Cazalet,lcazaletp8@forbes.com,Male,161.106.98.139
910,Hagan,Spurman,hspurmanp9@hatena.ne.jp,Polygender,10.124.58.68
911,Jermain,Vest,jvestpa@deliciousdays.com,Polygender,161.142.193.243
912,Granthem,Boundey,gboundeypb@addthis.com,Agender,57.29.196.178
913,Drona,Betancourt,dbetancourtpc@freewebs.com,Polygender,216.244.168.55
914,Hatti,Kimmince,hkimmincepd@cbsnews.com,Non-binary,203.129.246.83
915,Christabella,Erricker,cerrickerpe@dropbox.com,Male,51.12.80.27
916,Dewey,Lengthorn,dlengthornpf@yale.edu,Male,130.163.248.52
917,Claretta,Knoble,cknoblepg@webs.com,Bigender,196.192.65.92
918,Grayce,Edinborough,gedinboroughph@51.la,Male,237.175.173.221
919,Shamus,Swansborough,sswansboroughpi@merriam-webster.com,Genderfluid,223.248.237.49
920,Elke,Ploughwright,eploughwrightpj@domainmarket.com,Genderqueer,199.180.167.139
921,Roderic,Drysdell,rdrysdellpk@plala.or.jp,Genderfluid,141.209.211.93
922,Brook,Niesel,bnieselpl@addtoany.com,Polygender,64.63.217.188
923,Basia,Kynd,bkyndpm@devhub.com,Bigender,134.218.50.181
924,Ertha,Heino,eheinopn@vkontakte.ru,Genderfluid,72.129.34.250
925,Perice,Flegg,pfleggpo@bravesites.com,Genderfluid,169.190.209.249
926,Trixy,Penticoot,tpenticootpp@flickr.com,Female,212.111.26.158
927,Edouard,Carp,ecarppq@mayoclinic.com,Bigender,45.52.209.68
928,Sal,De Nisco,sdeniscopr@yolasite.com,Genderqueer,73.45.87.249
929,Maddie,Pineaux,mpineauxps@nih.gov,Polygender,125.68.207.220
930,Mikol,Mistry,mmistrypt@prnewswire.com,Polygender,206.95.152.217
931,Cathlene,Somerscales,csomerscalespu@archive.org,Male,69.67.135.47
932,Celisse,Frazier,cfrazierpv@trellian.com,Bigender,124.196.66.124
933,Garrett,Cunniffe,gcunniffepw@123-reg.co.uk,Agender,124.3.55.39
934,Lebbie,Ditts,ldittspx@aol.com,Female,47.149.172.101
935,Benedetto,Winman,bwinmanpy@aol.com,Bigender,247.244.115.223
936,Sabrina,Stanex,sstanexpz@vinaora.com,Genderqueer,93.85.79.9
937,Rayna,Rodmell,rrodmellq0@quantcast.com,Agender,196.237.245.21
938,Harrie,Bidnall,hbidnallq1@theglobeandmail.com,Genderfluid,71.159.52.190
939,Chip,Touret,ctouretq2@technorati.com,Genderfluid,44.34.210.209
940,Gray,Petty,gpettyq3@eepurl.com,Non-binary,169.244.196.203
941,Hollyanne,Yarranton,hyarrantonq4@netvibes.com,Non-binary,68.126.103.131
942,Shayne,Segeswoeth,ssegeswoethq5@over-blog.com,Bigender,239.177.254.29
943,Godwin,Ambrosch,gambroschq6@walmart.com,Polygender,83.5.5.204
944,Kippy,Winter,kwinterq7@youku.com,Non-binary,225.204.143.141
945,Ingeberg,Giacomazzo,igiacomazzoq8@senate.gov,Agender,160.103.213.252
946,Lorianne,Scardifield,lscardifieldq9@bbb.org,Genderfluid,205.2.192.232
947,Charlena,Plumley,cplumleyqa@salon.com,Female,113.33.225.97
948,Maighdiln,Scarman,mscarmanqb@army.mil,Polygender,89.222.242.125
949,Rosemaria,Turfs,rturfsqc@bbb.org,Genderfluid,46.24.235.233
950,Claretta,Sand,csandqd@wordpress.org,Genderfluid,112.186.12.118
951,Gisela,Ivamy,givamyqe@flickr.com,Male,198.118.25.224
952,Clementia,Flag,cflagqf@google.nl,Agender,28.198.245.225
953,Alex,Mollett,amollettqg@wikipedia.org,Genderqueer,54.196.9.1
954,Udell,Iglesiaz,uiglesiazqh@umich.edu,Polygender,202.224.227.149
955,Sheffy,Carratt,scarrattqi@blogtalkradio.com,Genderqueer,191.143.45.198
956,Katuscha,Lamble,klambleqj@plala.or.jp,Female,234.69.218.116
957,Lamont,Offin,loffinqk@ed.gov,Agender,230.254.1.8
958,Marianne,Biesterfeld,mbiesterfeldql@google.it,Genderqueer,4.136.246.59
959,Tony,Bethell,tbethellqm@who.int,Polygender,3.197.151.203
960,Noellyn,Linford,nlinfordqn@yelp.com,Bigender,108.100.180.138
961,Mildrid,Tubble,mtubbleqo@fema.gov,Non-binary,241.80.121.240
962,Juieta,Feldmus,jfeldmusqp@technorati.com,Female,133.85.108.239
963,Abramo,Flewan,aflewanqq@imageshack.us,Genderqueer,194.123.55.212
964,Ingrim,Robillart,irobillartqr@netvibes.com,Bigender,234.157.106.130
965,Isak,Lindwall,ilindwallqs@jugem.jp,Agender,121.203.161.71
966,Xylia,Sulter,xsulterqt@loc.gov,Non-binary,145.194.255.194
967,Whitaker,Rickeard,wrickeardqu@dell.com,Non-binary,36.191.236.91
968,Allyn,Spira,aspiraqv@ibm.com,Bigender,115.193.255.128
969,Ardeen,Cudmore,acudmoreqw@virginia.edu,Male,172.124.138.73
970,Vinnie,Bonar,vbonarqx@bloglovin.com,Genderfluid,181.77.3.175
971,Bertie,Corbridge,bcorbridgeqy@wikimedia.org,Female,162.93.50.205
972,Mal,McKerron,mmckerronqz@google.ca,Male,209.210.216.120
973,Artemis,Copyn,acopynr0@umn.edu,Non-binary,192.65.246.6
974,Edik,MacFaul,emacfaulr1@csmonitor.com,Genderqueer,161.105.232.13
975,Koral,Spuner,kspunerr2@merriam-webster.com,Male,239.16.119.59
976,Banky,Ockland,bocklandr3@amazon.co.jp,Non-binary,2.7.75.20
977,Morten,Baynes,mbaynesr4@auda.org.au,Agender,102.143.127.119
978,Christal,Ilott,cilottr5@cbsnews.com,Bigender,238.146.118.225
979,Caresa,Conyard,cconyardr6@behance.net,Agender,75.17.57.228
980,Lenci,Escoffrey,lescoffreyr7@studiopress.com,Female,34.188.92.8
981,Annemarie,Valenta,avalentar8@slate.com,Agender,13.112.137.242
982,Abraham,Rallinshaw,arallinshawr9@parallels.com,Genderfluid,10.248.54.72
983,Mathias,Narey,mnareyra@barnesandnoble.com,Male,60.24.1.214
984,Mehetabel,Doge,mdogerb@ning.com,Female,46.134.174.156
985,Griselda,Haythorne,ghaythornerc@irs.gov,Non-binary,141.249.211.182
986,Albertina,Elliman,aellimanrd@twitter.com,Non-binary,102.37.61.62
987,Hunter,Lande,hlandere@aol.com,Bigender,191.188.165.98
988,Ronica,Possel,rposselrf@163.com,Female,140.73.248.97
989,Hartwell,Knoton,hknotonrg@disqus.com,Male,182.235.131.4
990,Sarajane,Deschelle,sdeschellerh@ftc.gov,Genderfluid,12.232.200.96
991,Booth,Mundall,bmundallri@1688.com,Genderqueer,141.143.240.180
992,Ronnica,Calam,rcalamrj@hostgator.com,Female,45.136.207.137
993,Spence,Andrioli,sandriolirk@un.org,Male,174.225.178.166
994,Marika,O'Dougherty,modoughertyrl@google.it,Female,182.107.127.240
995,Raf,Botly,rbotlyrm@bbb.org,Agender,63.154.55.113
996,Susanne,McBoyle,smcboylern@businessinsider.com,Agender,137.69.32.193
997,Marcelline,Moreing,mmoreingro@technorati.com,Agender,233.168.85.108
998,Carol,McIan,cmcianrp@wikimedia.org,Bigender,41.85.33.21
999,Simonette,Nibloe,snibloerq@linkedin.com,Non-binary,244.193.32.115
1000,Micky,Kindle,mkindlerr@ameblo.jp,Genderqueer,183.25.186.13
